element,GW,xP
2,32.0,0.2
2,33.0,0.2
2,34.0,0.4
2,35.0,0.2
2,36.0,0.2
2,37.0,0.2
2,38.0,0.2
3,32.0,0.1
3,33.0,0.1
3,34.0,0.2
3,35.0,0.1
3,36.0,0.1
3,37.0,0.1
3,38.0,0.1
4,32.0,0.4
4,33.0,0.4
4,34.0,0.8
4,35.0,0.4
4,36.0,0.4
4,37.0,0.4
4,38.0,0.4
5,32.0,2.7
5,33.0,2.4
5,34.0,5.699999999999999
5,35.0,2.1
5,36.0,3.0
5,37.0,2.7
5,38.0,3.1
6,32.0,2.8
6,33.0,2.8
6,34.0,6.0
6,35.0,2.6
6,36.0,3.1
6,37.0,2.7
6,38.0,3.2
7,32.0,0.0
7,33.0,0.0
7,34.0,0.0
7,35.0,0.0
7,36.0,0.0
7,37.0,0.0
7,38.0,0.0
8,32.0,2.6
8,33.0,2.7
8,34.0,5.6
8,35.0,2.4
8,36.0,2.9
8,37.0,2.5
8,38.0,3.0
9,32.0,1.3
9,33.0,1.3
9,34.0,2.8
9,35.0,1.2
9,36.0,1.5
9,37.0,1.4
9,38.0,1.5
10,32.0,2.0
10,33.0,1.9
10,34.0,4.300000000000001
10,35.0,1.9
10,36.0,2.2
10,37.0,2.0
10,38.0,2.2
12,32.0,1.6
12,33.0,1.6
12,34.0,3.4
12,35.0,1.6
12,36.0,1.8
12,37.0,1.6
12,38.0,1.8
13,32.0,0.5
13,33.0,0.5
13,34.0,1.1
13,35.0,0.5
13,36.0,0.6
13,37.0,0.5
13,38.0,0.6
14,32.0,3.0
14,33.0,3.1
14,34.0,6.7
14,35.0,2.6
14,36.0,3.6
14,37.0,2.8
14,38.0,3.6
15,32.0,1.1
15,33.0,1.2
15,34.0,2.3
15,35.0,1.1
15,36.0,1.2
15,37.0,1.1
15,38.0,1.2
17,32.0,0.3
17,33.0,0.3
17,34.0,0.6
17,35.0,0.3
17,36.0,0.3
17,37.0,0.3
17,38.0,0.3
18,32.0,0.1
18,33.0,0.1
18,34.0,0.2
18,35.0,0.1
18,36.0,0.1
18,37.0,0.1
18,38.0,0.1
19,32.0,3.6
19,33.0,3.6
19,34.0,7.7
19,35.0,3.1
19,36.0,4.1
19,37.0,3.3
19,38.0,4.1
20,32.0,2.4
20,33.0,2.1
20,34.0,5.1
20,35.0,1.9
20,36.0,2.7
20,37.0,2.4
20,38.0,2.9
21,32.0,0.3
21,33.0,0.3
21,34.0,0.3
21,35.0,0.3
21,36.0,0.3
21,37.0,0.3
21,38.0,0.3
22,32.0,0.3
22,33.0,0.3
22,34.0,0.6
22,35.0,0.3
22,36.0,0.3
22,37.0,0.3
22,38.0,0.3
23,32.0,0.2
23,33.0,0.3
23,34.0,0.2
23,35.0,0.2
23,36.0,0.3
23,37.0,0.2
23,38.0,0.3
25,32.0,1.3
25,33.0,1.4
25,34.0,2.7
25,35.0,1.3
25,36.0,1.4
25,37.0,1.3
25,38.0,1.4
26,32.0,1.6
26,33.0,1.7
26,34.0,3.3
26,35.0,1.6
26,36.0,1.7
26,37.0,1.6
26,38.0,1.7
27,32.0,0.5
27,33.0,0.5
27,34.0,1.1
27,35.0,0.5
27,36.0,0.5
27,37.0,0.5
27,38.0,0.5
28,32.0,0.4
28,33.0,0.6
28,34.0,0.5
28,35.0,0.5
28,36.0,0.7
28,37.0,0.5
28,38.0,0.7
29,32.0,2.9
29,33.0,2.6
29,34.0,6.2
29,35.0,2.3
29,36.0,3.3
29,37.0,2.9
29,38.0,3.5
31,32.0,0.6
31,33.0,0.6
31,34.0,1.2999999999999998
31,35.0,0.6
31,36.0,0.7
31,37.0,0.6
31,38.0,0.7
32,32.0,1.7
32,33.0,1.4
32,34.0,1.7
32,35.0,1.7
32,36.0,1.5
32,37.0,1.6
32,38.0,1.6
33,32.0,0.6
33,33.0,0.6
33,34.0,1.2
33,35.0,0.5
33,36.0,0.7
33,37.0,0.5
33,38.0,0.6
34,32.0,2.9
34,33.0,2.1
34,34.0,3.0
34,35.0,2.9
34,36.0,2.6
34,37.0,2.4
34,38.0,2.9
35,32.0,0.0
35,33.0,0.0
35,34.0,0.1
35,35.0,0.0
35,36.0,0.0
35,37.0,0.0
35,38.0,0.0
36,32.0,0.4
36,33.0,0.2
36,34.0,0.4
36,35.0,0.4
36,36.0,0.3
36,37.0,0.4
36,38.0,0.3
37,32.0,0.3
37,33.0,0.1
37,34.0,0.3
37,35.0,0.2
37,36.0,0.1
37,37.0,0.2
37,38.0,0.3
41,32.0,1.8
41,33.0,1.3
41,34.0,1.8
41,35.0,1.8
41,36.0,1.6
41,37.0,1.4
41,38.0,1.9
42,32.0,1.7
42,33.0,1.6
42,34.0,1.8
42,35.0,1.7
42,36.0,1.6
42,37.0,1.7
42,38.0,1.7
43,32.0,3.2
43,33.0,2.1
43,34.0,3.3
43,35.0,3.2
43,36.0,2.7
43,37.0,2.6
43,38.0,3.0
44,32.0,1.3
44,33.0,1.1
44,34.0,1.3
44,35.0,1.3
44,36.0,1.2
44,37.0,1.2
44,38.0,1.3
45,32.0,0.0
45,33.0,0.0
45,34.0,0.0
45,35.0,0.0
45,36.0,0.0
45,37.0,0.0
45,38.0,0.0
46,32.0,0.4
46,33.0,0.4
46,34.0,0.4
46,35.0,0.4
46,36.0,0.4
46,37.0,0.4
46,38.0,0.4
47,32.0,0.4
47,33.0,0.4
47,34.0,0.5
47,35.0,0.4
47,36.0,0.4
47,37.0,0.4
47,38.0,0.4
48,32.0,2.5
48,33.0,1.6
48,34.0,2.5
48,35.0,2.4
48,36.0,2.0
48,37.0,1.9
48,38.0,2.5
49,32.0,3.5
49,33.0,2.6
49,34.0,3.6
49,35.0,3.5
49,36.0,3.2
49,37.0,2.9
49,38.0,3.5
50,32.0,0.8
50,33.0,0.5
50,34.0,0.9
50,35.0,0.8
50,36.0,0.6
50,37.0,0.7
50,38.0,0.7
51,32.0,0.1
51,33.0,0.1
51,34.0,0.1
51,35.0,0.1
51,36.0,0.1
51,37.0,0.1
51,38.0,0.1
52,32.0,0.3
52,33.0,0.2
52,34.0,0.3
52,35.0,0.2
52,36.0,0.3
52,37.0,0.2
52,38.0,0.3
53,32.0,0.0
53,33.0,0.0
53,34.0,0.0
53,35.0,0.0
53,36.0,0.0
53,37.0,0.0
53,38.0,0.0
55,32.0,0.4
55,33.0,0.3
55,34.0,0.4
55,35.0,0.4
55,36.0,0.3
55,37.0,0.4
55,38.0,0.4
58,32.0,1.7
58,33.0,1.3
58,34.0,1.8
58,35.0,1.7
58,36.0,1.6
58,37.0,1.4
58,38.0,1.8
59,32.0,0.0
59,33.0,0.0
59,34.0,0.1
59,35.0,0.0
59,36.0,0.0
59,37.0,0.0
59,38.0,0.0
60,32.0,2.9
60,33.0,2.1
60,34.0,2.6
60,35.0,2.5
60,36.0,2.2
60,37.0,2.4
60,38.0,2.3
63,32.0,1.4
63,33.0,1.4
63,34.0,2.7
63,35.0,1.4
63,36.0,1.3
63,37.0,1.4
63,38.0,1.3
65,32.0,0.7
65,33.0,0.8
65,34.0,1.0
65,35.0,0.8
65,36.0,0.4
65,37.0,0.8
65,38.0,0.6
66,32.0,2.1
66,33.0,2.2
66,34.0,3.8
66,35.0,2.2
66,36.0,1.6
66,37.0,2.3
66,38.0,2.0
68,32.0,0.0
68,33.0,0.0
68,34.0,0.0
68,35.0,0.0
68,36.0,0.0
68,37.0,0.0
68,38.0,0.0
69,32.0,0.0
69,33.0,0.1
69,34.0,0.0
69,35.0,0.1
69,36.0,0.0
69,37.0,0.1
69,38.0,0.0
70,32.0,1.4
70,33.0,1.5
70,34.0,2.8
70,35.0,1.5
70,36.0,1.3
70,37.0,1.5
70,38.0,1.4
72,32.0,2.1
72,33.0,2.2
72,34.0,3.8
72,35.0,2.1
72,36.0,1.8
72,37.0,2.3
72,38.0,2.0
75,32.0,1.2
75,33.0,1.3
75,34.0,2.2
75,35.0,1.3
75,36.0,0.9
75,37.0,1.3
75,38.0,1.2
77,32.0,3.2
77,33.0,3.5
77,34.0,5.9
77,35.0,3.4
77,36.0,2.6
77,37.0,3.5
77,38.0,3.2
78,32.0,1.3
78,33.0,1.4
78,34.0,2.5
78,35.0,1.4
78,36.0,1.2
78,37.0,1.4
78,38.0,1.2
80,32.0,0.0
80,33.0,0.0
80,34.0,0.0
80,35.0,0.0
80,36.0,0.0
80,37.0,0.0
80,38.0,0.0
82,32.0,2.8
82,33.0,2.9
82,34.0,4.9
82,35.0,2.8
82,36.0,2.1
82,37.0,2.9
82,38.0,2.6
83,32.0,0.3
83,33.0,0.3
83,34.0,0.5
83,35.0,0.3
83,36.0,0.2
83,37.0,0.4
83,38.0,0.3
84,32.0,2.0
84,33.0,2.1
84,34.0,3.7
84,35.0,2.1
84,36.0,1.7
84,37.0,2.1
84,38.0,2.0
85,32.0,4.1
85,33.0,4.4
85,34.0,7.4
85,35.0,4.4
85,36.0,3.1
85,37.0,4.4
85,38.0,3.9
86,32.0,2.8
86,33.0,2.9
86,34.0,4.800000000000001
86,35.0,2.8
86,36.0,2.1
86,37.0,3.0
86,38.0,2.6
88,32.0,0.0
88,33.0,0.0
88,34.0,0.0
88,35.0,0.0
88,36.0,0.0
88,37.0,0.0
88,38.0,0.0
89,32.0,2.2
89,33.0,2.4
89,34.0,3.9000000000000004
89,35.0,2.3
89,36.0,1.7
89,37.0,2.4
89,38.0,2.1
90,32.0,1.7
90,33.0,2.8
90,34.0,2.1
90,35.0,2.2
90,36.0,2.5
90,37.0,2.1
90,38.0,2.0
91,32.0,0.0
91,33.0,0.1
91,34.0,0.0
91,35.0,0.0
91,36.0,0.1
91,37.0,0.0
91,38.0,0.0
92,32.0,0.2
92,33.0,0.3
92,34.0,0.3
92,35.0,0.3
92,36.0,0.3
92,37.0,0.3
92,38.0,0.3
96,32.0,1.4
96,33.0,2.3
96,34.0,1.8
96,35.0,1.9
96,36.0,2.2
96,37.0,1.8
96,38.0,1.8
98,32.0,1.0
98,33.0,1.2
98,34.0,1.0
98,35.0,1.0
98,36.0,1.2
98,37.0,1.0
98,38.0,1.1
99,32.0,0.1
99,33.0,0.2
99,34.0,0.1
99,35.0,0.1
99,36.0,0.2
99,37.0,0.1
99,38.0,0.1
101,32.0,2.4
101,33.0,2.8
101,34.0,2.8
101,35.0,2.9
101,36.0,3.2
101,37.0,2.8
101,38.0,2.8
103,32.0,0.2
103,33.0,0.3
103,34.0,0.2
103,35.0,0.2
103,36.0,0.3
103,37.0,0.2
103,38.0,0.2
104,32.0,0.2
104,33.0,0.3
104,34.0,0.2
104,35.0,0.2
104,36.0,0.3
104,37.0,0.2
104,38.0,0.2
105,32.0,1.6
105,33.0,2.7
105,34.0,2.2
105,35.0,2.2
105,36.0,2.4
105,37.0,2.1
105,38.0,2.2
106,32.0,1.8
106,33.0,2.7
106,34.0,2.2
106,35.0,2.3
106,36.0,2.5
106,37.0,2.2
106,38.0,2.4
107,32.0,1.5
107,33.0,2.4
107,34.0,1.8
107,35.0,1.8
107,36.0,2.1
107,37.0,1.8
107,38.0,1.8
108,32.0,1.9
108,33.0,2.4
108,34.0,2.1
108,35.0,2.1
108,36.0,2.2
108,37.0,2.1
108,38.0,2.2
109,32.0,0.3
109,33.0,0.4
109,34.0,0.3
109,35.0,0.3
109,36.0,0.4
109,37.0,0.3
109,38.0,0.4
110,32.0,0.3
110,33.0,0.7
110,34.0,0.6
110,35.0,0.5
110,36.0,0.6
110,37.0,0.5
110,38.0,0.5
111,32.0,0.3
111,33.0,0.5
111,34.0,0.3
111,35.0,0.3
111,36.0,0.4
111,37.0,0.3
111,38.0,0.4
112,32.0,0.3
112,33.0,0.5
112,34.0,0.4
112,35.0,0.3
112,36.0,0.5
112,37.0,0.3
112,38.0,0.5
113,32.0,2.7
113,33.0,2.6
113,34.0,5.699999999999999
113,35.0,2.4
113,36.0,3.0
113,37.0,2.8
113,38.0,3.1
114,32.0,1.5
114,33.0,2.3
114,34.0,1.8
114,35.0,2.0
114,36.0,2.2
114,37.0,1.8
114,38.0,1.8
115,32.0,0.2
115,33.0,0.3
115,34.0,0.3
115,35.0,0.3
115,36.0,0.3
115,37.0,0.3
115,38.0,0.3
116,32.0,0.1
116,33.0,0.2
116,34.0,0.1
116,35.0,0.1
116,36.0,0.1
116,37.0,0.1
116,38.0,0.1
117,32.0,2.3
117,33.0,3.4
117,34.0,2.8
117,35.0,2.8
117,36.0,3.0
117,37.0,2.7
117,38.0,2.7
119,32.0,1.8
119,33.0,2.6
119,34.0,2.2
119,35.0,2.2
119,36.0,2.4
119,37.0,2.1
119,38.0,2.1
120,32.0,1.1
120,33.0,1.8
120,34.0,1.3
120,35.0,1.4
120,36.0,1.5
120,37.0,1.3
120,38.0,1.3
121,32.0,1.0
121,33.0,1.9
121,34.0,1.3
121,35.0,1.4
121,36.0,1.6
121,37.0,1.3
121,38.0,1.4
122,32.0,2.2
122,33.0,3.0
122,34.0,2.2
122,35.0,2.4
122,36.0,2.2
122,37.0,2.2
122,38.0,2.5
125,32.0,1.3
125,33.0,1.3
125,34.0,1.3
125,35.0,1.1
125,36.0,1.3
125,37.0,1.1
125,38.0,1.3
126,32.0,1.7
126,33.0,1.7
126,34.0,1.3
126,35.0,1.3
126,36.0,1.6
126,37.0,1.5
126,38.0,1.6
129,32.0,1.9
129,33.0,2.9
129,34.0,1.9
129,35.0,2.2
129,36.0,2.1
129,37.0,1.8
129,38.0,2.4
130,32.0,0.2
130,33.0,0.3
130,34.0,0.2
130,35.0,0.2
130,36.0,0.2
130,37.0,0.2
130,38.0,0.2
131,32.0,1.9
131,33.0,2.9
131,34.0,1.9
131,35.0,2.3
131,36.0,2.1
131,37.0,1.9
131,38.0,2.3
132,32.0,0.9
132,33.0,1.1
132,34.0,0.9
132,35.0,0.8
132,36.0,0.9
132,37.0,0.8
132,38.0,1.0
133,32.0,0.5
133,33.0,0.6
133,34.0,0.5
133,35.0,0.5
133,36.0,0.5
133,37.0,0.4
133,38.0,0.5
134,32.0,2.6
134,33.0,3.5
134,34.0,2.6
134,35.0,2.9
134,36.0,3.0
134,37.0,2.4
134,38.0,3.3
135,32.0,0.8
135,33.0,1.1
135,34.0,0.8
135,35.0,0.8
135,36.0,0.8
135,37.0,0.8
135,38.0,0.9
138,32.0,0.8
138,33.0,0.9
138,34.0,0.8
138,35.0,0.8
138,36.0,0.9
138,37.0,0.7
138,38.0,0.9
139,32.0,1.9
139,33.0,2.3
139,34.0,1.9
139,35.0,2.0
139,36.0,1.9
139,37.0,1.8
139,38.0,2.0
140,32.0,0.4
140,33.0,0.5
140,34.0,0.4
140,35.0,0.3
140,36.0,0.4
140,37.0,0.3
140,38.0,0.4
141,32.0,0.0
141,33.0,0.1
141,34.0,0.0
141,35.0,0.0
141,36.0,0.0
141,37.0,0.0
141,38.0,0.0
142,32.0,0.4
142,33.0,0.5
142,34.0,0.4
142,35.0,0.3
142,36.0,0.4
142,37.0,0.3
142,38.0,0.4
143,32.0,0.5
143,33.0,0.7
143,34.0,0.5
143,35.0,0.5
143,36.0,0.5
143,37.0,0.4
143,38.0,0.5
144,32.0,1.4
144,33.0,1.8
144,34.0,1.4
144,35.0,1.6
144,36.0,1.4
144,37.0,1.5
144,38.0,1.7
145,32.0,0.3
145,33.0,0.2
145,34.0,0.2
145,35.0,0.2
145,36.0,0.2
145,37.0,0.2
145,38.0,0.2
148,32.0,0.3
148,33.0,0.5
148,34.0,0.3
148,35.0,0.3
148,36.0,0.3
148,37.0,0.3
148,38.0,0.4
150,32.0,1.7
150,33.0,2.5
150,34.0,1.7
150,35.0,2.0
150,36.0,1.8
150,37.0,1.7
150,38.0,2.0
151,32.0,1.3
151,33.0,2.3
151,34.0,1.3
151,35.0,1.6
151,36.0,1.5
151,37.0,1.5
151,38.0,1.7
152,32.0,1.9
152,33.0,2.5
152,34.0,1.9
152,35.0,2.2
152,36.0,2.0
152,37.0,2.0
152,38.0,2.2
153,32.0,0.2
153,33.0,0.3
153,34.0,0.2
153,35.0,0.2
153,36.0,0.2
153,37.0,0.2
153,38.0,0.2
154,32.0,2.3
154,33.0,3.2
154,34.0,2.3
154,35.0,2.5
154,36.0,2.4
154,37.0,2.3
154,38.0,2.7
156,32.0,0.1
156,33.0,0.1
156,34.0,0.2
156,35.0,0.1
156,36.0,0.1
156,37.0,0.1
156,38.0,0.1
157,32.0,0.3
157,33.0,0.3
157,34.0,0.4
157,35.0,0.3
157,36.0,0.3
157,37.0,0.3
157,38.0,0.3
159,32.0,0.1
159,33.0,0.1
159,34.0,0.2
159,35.0,0.1
159,36.0,0.1
159,37.0,0.1
159,38.0,0.2
160,32.0,0.3
160,33.0,0.3
160,34.0,0.5
160,35.0,0.3
160,36.0,0.3
160,37.0,0.3
160,38.0,0.4
161,32.0,1.6
161,33.0,1.8
161,34.0,1.8
161,35.0,1.5
161,36.0,1.9
161,37.0,1.5
161,38.0,1.9
163,32.0,0.0
163,33.0,0.0
163,34.0,0.1
163,35.0,0.0
163,36.0,0.0
163,37.0,0.0
163,38.0,0.0
165,32.0,1.3
165,33.0,1.6
165,34.0,1.7
165,35.0,1.3
165,36.0,1.6
165,37.0,1.4
165,38.0,1.4
167,32.0,0.2
167,33.0,0.2
167,34.0,0.2
167,35.0,0.1
167,36.0,0.2
167,37.0,0.1
167,38.0,0.2
168,32.0,2.0
168,33.0,2.1
168,34.0,2.6
168,35.0,2.0
168,36.0,2.1
168,37.0,1.9
168,38.0,2.1
170,32.0,1.2
170,33.0,1.3
170,34.0,1.4
170,35.0,1.2
170,36.0,1.3
170,37.0,1.2
170,38.0,1.4
172,32.0,1.9
172,33.0,2.1
172,34.0,2.1
172,35.0,1.9
172,36.0,2.0
172,37.0,2.0
172,38.0,1.9
173,32.0,1.8
173,33.0,2.0
173,34.0,2.2
173,35.0,1.6
173,36.0,1.8
173,37.0,1.7
173,38.0,1.9
174,32.0,0.0
174,33.0,0.0
174,34.0,0.1
174,35.0,0.0
174,36.0,0.0
174,37.0,0.0
174,38.0,0.0
177,32.0,1.0
177,33.0,1.2
177,34.0,1.4
177,35.0,1.0
177,36.0,1.2
177,37.0,1.0
177,38.0,1.2
178,32.0,1.8
178,33.0,1.9
178,34.0,2.0
178,35.0,1.8
178,36.0,1.9
178,37.0,1.8
178,38.0,1.9
181,32.0,0.0
181,33.0,0.0
181,34.0,0.1
181,35.0,0.0
181,36.0,0.0
181,37.0,0.0
181,38.0,0.0
182,32.0,1.3
182,33.0,1.4
182,34.0,1.8
182,35.0,1.2
182,36.0,1.4
182,37.0,1.3
182,38.0,1.3
188,32.0,0.1
188,33.0,0.0
188,34.0,0.0
188,35.0,0.0
188,36.0,0.0
188,37.0,0.0
188,38.0,0.0
191,32.0,1.4
191,33.0,1.4
191,34.0,0.8
191,35.0,0.9
191,36.0,1.2
191,37.0,1.1
191,38.0,1.2
192,32.0,0.1
192,33.0,0.0
192,34.0,0.0
192,35.0,0.0
192,36.0,0.0
192,37.0,0.0
192,38.0,0.0
193,32.0,0.4
193,33.0,0.3
193,34.0,0.4
193,35.0,0.4
193,36.0,0.3
193,37.0,0.4
193,38.0,0.3
194,32.0,0.2
194,33.0,0.1
194,34.0,0.1
194,35.0,0.1
194,36.0,0.1
194,37.0,0.1
194,38.0,0.1
195,32.0,0.3
195,33.0,0.3
195,34.0,0.2
195,35.0,0.2
195,36.0,0.2
195,37.0,0.2
195,38.0,0.3
196,32.0,0.3
196,33.0,0.3
196,34.0,0.2
196,35.0,0.2
196,36.0,0.2
196,37.0,0.2
196,38.0,0.3
197,32.0,0.4
197,33.0,0.4
197,34.0,0.2
197,35.0,0.2
197,36.0,0.4
197,37.0,0.3
197,38.0,0.4
198,32.0,2.0
198,33.0,1.6
198,34.0,1.0
198,35.0,1.0
198,36.0,1.4
198,37.0,1.3
198,38.0,1.4
199,32.0,3.1
199,33.0,2.7
199,34.0,1.8
199,35.0,1.9
199,36.0,2.6
199,37.0,2.4
199,38.0,2.6
200,32.0,0.7
200,33.0,0.8
200,34.0,0.9
200,35.0,0.7
200,36.0,0.8
200,37.0,0.7
200,38.0,0.8
201,32.0,0.1
201,33.0,0.0
201,34.0,0.0
201,35.0,0.0
201,36.0,0.0
201,37.0,0.0
201,38.0,0.0
202,32.0,2.7
202,33.0,2.6
202,34.0,1.9
202,35.0,1.9
202,36.0,2.5
202,37.0,2.3
202,38.0,2.6
203,32.0,2.8
203,33.0,2.4
203,34.0,1.5
203,35.0,1.6
203,36.0,2.2
203,37.0,2.0
203,38.0,2.2
204,32.0,1.7
204,33.0,1.8
204,34.0,1.7
204,35.0,1.9
204,36.0,2.0
204,37.0,1.8
204,38.0,1.6
205,32.0,2.0
205,33.0,2.5
205,34.0,2.3
205,35.0,2.0
205,36.0,2.9
205,37.0,2.4
205,38.0,2.9
206,32.0,0.3
206,33.0,0.2
206,34.0,0.2
206,35.0,0.2
206,36.0,0.2
206,37.0,0.2
206,38.0,0.2
208,32.0,1.5
208,33.0,1.3
208,34.0,1.1
208,35.0,1.2
208,36.0,1.3
208,37.0,1.2
208,38.0,1.3
209,32.0,0.9
209,33.0,0.9
209,34.0,1.1
209,35.0,1.1
209,36.0,0.9
209,37.0,0.9
209,38.0,0.8
210,32.0,2.8
210,33.0,2.4
210,34.0,1.7
210,35.0,1.8
210,36.0,2.2
210,37.0,2.1
210,38.0,2.3
211,32.0,3.6
211,33.0,3.5
211,34.0,2.7
211,35.0,2.8
211,36.0,3.5
211,37.0,3.2
211,38.0,3.5
212,32.0,0.4
212,33.0,0.3
212,34.0,0.2
212,35.0,0.2
212,36.0,0.3
212,37.0,0.2
212,38.0,0.3
214,32.0,0.1
214,33.0,0.0
214,34.0,0.0
214,35.0,0.0
214,36.0,0.0
214,37.0,0.0
214,38.0,0.0
216,32.0,2.4
216,33.0,2.2
216,34.0,1.7
216,35.0,1.8
216,36.0,2.1
216,37.0,1.9
216,38.0,2.2
217,32.0,0.7
217,33.0,0.6
217,34.0,0.5
217,35.0,0.5
217,36.0,0.6
217,37.0,0.5
217,38.0,0.6
219,32.0,0.2
219,33.0,0.2
219,34.0,0.4
219,35.0,0.2
219,36.0,0.2
219,37.0,0.2
219,38.0,0.2
220,32.0,1.9
220,33.0,1.6
220,34.0,4.5
220,35.0,2.3
220,36.0,2.3
220,37.0,2.2
220,38.0,2.0
221,32.0,2.1
221,33.0,1.9
221,34.0,5.0
221,35.0,2.4
221,36.0,2.6
221,37.0,2.4
221,38.0,2.3
222,32.0,0.6
222,33.0,0.6
222,34.0,1.2
222,35.0,0.6
222,36.0,0.6
222,37.0,0.6
222,38.0,0.6
223,32.0,0.3
223,33.0,0.3
223,34.0,0.6
223,35.0,0.3
223,36.0,0.3
223,37.0,0.3
223,38.0,0.3
225,32.0,0.4
225,33.0,0.3
225,34.0,1.0
225,35.0,0.4
225,36.0,0.5
225,37.0,0.4
225,38.0,0.4
226,32.0,2.5
226,33.0,2.3
226,34.0,6.2
226,35.0,3.0
226,36.0,3.1
226,37.0,3.0
226,38.0,2.9
228,32.0,0.4
228,33.0,0.3
228,34.0,0.8
228,35.0,0.3
228,36.0,0.4
228,37.0,0.3
228,38.0,0.4
229,32.0,0.9
229,33.0,0.8
229,34.0,1.8
229,35.0,0.8
229,36.0,0.9
229,37.0,0.8
229,38.0,0.9
230,32.0,0.2
230,33.0,0.2
230,34.0,0.6
230,35.0,0.2
230,36.0,0.3
230,37.0,0.2
230,38.0,0.2
231,32.0,1.6
231,33.0,1.4
231,34.0,4.1
231,35.0,2.0
231,36.0,2.1
231,37.0,2.0
231,38.0,1.7
232,32.0,2.4
232,33.0,2.1
232,34.0,5.5
232,35.0,2.7
232,36.0,2.8
232,37.0,2.6
232,38.0,2.5
233,32.0,0.0
233,33.0,0.0
233,34.0,0.0
233,35.0,0.0
233,36.0,0.0
233,37.0,0.0
233,38.0,0.0
234,32.0,1.8
234,33.0,1.5
234,34.0,4.4
234,35.0,2.3
234,36.0,2.3
234,37.0,2.1
234,38.0,2.0
236,32.0,0.5
236,33.0,0.4
236,34.0,1.0
236,35.0,0.5
236,36.0,0.5
236,37.0,0.5
236,38.0,0.5
238,32.0,1.5
238,33.0,1.4
238,34.0,3.5999999999999996
238,35.0,2.0
238,36.0,1.9
238,37.0,1.8
238,38.0,1.6
239,32.0,0.1
239,33.0,0.1
239,34.0,0.2
239,35.0,0.1
239,36.0,0.1
239,37.0,0.1
239,38.0,0.1
240,32.0,1.1
240,33.0,0.9
240,34.0,2.2
240,35.0,1.0
240,36.0,1.1
240,37.0,1.0
240,38.0,1.1
241,32.0,0.0
241,33.0,0.0
241,34.0,0.0
241,35.0,0.0
241,36.0,0.0
241,37.0,0.0
241,38.0,0.0
242,32.0,1.1
242,33.0,1.0
242,34.0,2.8
242,35.0,1.5
242,36.0,1.4
242,37.0,1.3
242,38.0,1.2
243,32.0,0.0
243,33.0,0.0
243,34.0,0.0
243,35.0,0.0
243,36.0,0.0
243,37.0,0.0
243,38.0,0.0
244,32.0,1.1
244,33.0,0.9
244,34.0,2.1
244,35.0,1.0
244,36.0,0.9
244,37.0,1.1
244,38.0,0.9
245,32.0,2.9
245,33.0,2.2
245,34.0,4.5
245,35.0,2.6
245,36.0,2.3
245,37.0,2.9
245,38.0,1.6
246,32.0,3.0
246,33.0,2.5
246,34.0,5.0
246,35.0,2.7
246,36.0,2.6
246,37.0,3.0
246,38.0,2.1
247,32.0,2.9
247,33.0,1.1
247,34.0,1.9000000000000001
247,35.0,1.1
247,36.0,1.7
247,37.0,2.9
247,38.0,0.8
248,32.0,0.1
248,33.0,0.0
248,34.0,0.1
248,35.0,0.0
248,36.0,0.0
248,37.0,0.1
248,38.0,0.0
249,32.0,3.0
249,33.0,2.5
249,34.0,5.1
249,35.0,2.7
249,36.0,2.6
249,37.0,3.0
249,38.0,2.1
250,32.0,2.8
250,33.0,2.3
250,34.0,4.5
250,35.0,2.6
250,36.0,2.4
250,37.0,2.8
250,38.0,1.6
252,32.0,1.9
252,33.0,1.5
252,34.0,2.9000000000000004
252,35.0,1.6
252,36.0,1.5
252,37.0,1.9
252,38.0,1.2
254,32.0,0.5
254,33.0,0.3
254,34.0,0.8
254,35.0,0.4
254,36.0,0.3
254,37.0,0.5
254,38.0,0.3
255,32.0,1.0
255,33.0,1.0
255,34.0,2.2
255,35.0,0.9
255,36.0,1.0
255,37.0,1.2
255,38.0,0.9
256,32.0,2.8
256,33.0,2.7
256,34.0,2.4
256,35.0,3.1
256,36.0,2.9
256,37.0,2.4
256,38.0,2.8
257,32.0,0.2
257,33.0,0.1
257,34.0,0.4
257,35.0,0.2
257,36.0,0.2
257,37.0,0.2
257,38.0,0.1
258,32.0,0.6
258,33.0,0.9
258,34.0,0.8
258,35.0,0.7
258,36.0,0.9
258,37.0,0.7
258,38.0,0.8
259,32.0,3.3
259,33.0,2.8
259,34.0,5.5
259,35.0,3.1
259,36.0,3.0
259,37.0,3.3
259,38.0,2.2
260,32.0,0.9
260,33.0,0.6
260,34.0,1.5
260,35.0,0.7
260,36.0,0.7
260,37.0,0.9
260,38.0,0.5
261,32.0,2.1
261,33.0,1.8
261,34.0,3.4
261,35.0,1.9
261,36.0,1.8
261,37.0,2.1
261,38.0,1.4
262,32.0,0.5
262,33.0,0.3
262,34.0,0.8
262,35.0,0.4
262,36.0,0.4
262,37.0,0.5
262,38.0,0.3
263,32.0,3.5
263,33.0,3.5
263,34.0,6.8
263,35.0,3.7
263,36.0,3.5
263,37.0,3.5
263,38.0,2.7
265,32.0,2.6
265,33.0,1.9
265,34.0,4.0
265,35.0,2.3
265,36.0,2.1
265,37.0,2.6
265,38.0,1.4
266,32.0,0.1
266,33.0,0.0
266,34.0,0.0
266,35.0,0.0
266,36.0,0.0
266,37.0,0.1
266,38.0,0.0
267,32.0,3.2
267,33.0,2.8
267,34.0,2.7
267,35.0,3.6
267,36.0,2.9
267,37.0,2.7
267,38.0,3.0
268,32.0,1.5
268,33.0,1.3
268,34.0,1.3
268,35.0,1.5
268,36.0,1.4
268,37.0,1.3
268,38.0,1.3
270,32.0,1.1
270,33.0,0.8
270,34.0,0.9
270,35.0,1.1
270,36.0,0.9
270,37.0,0.9
270,38.0,0.9
271,32.0,0.4
271,33.0,0.3
271,34.0,0.3
271,35.0,0.4
271,36.0,0.3
271,37.0,0.3
271,38.0,0.3
275,32.0,2.3
275,33.0,2.3
275,34.0,2.1
275,35.0,2.8
275,36.0,2.3
275,37.0,2.1
275,38.0,2.3
276,32.0,1.7
276,33.0,1.6
276,34.0,1.6
276,35.0,1.8
276,36.0,1.6
276,37.0,1.6
276,38.0,1.6
279,32.0,2.8
279,33.0,2.7
279,34.0,2.5
279,35.0,3.2
279,36.0,2.8
279,37.0,2.5
279,38.0,2.8
280,32.0,2.2
280,33.0,2.0
280,34.0,1.8
280,35.0,2.4
280,36.0,2.2
280,37.0,1.8
280,38.0,2.1
281,32.0,0.4
281,33.0,0.3
281,34.0,0.3
281,35.0,0.4
281,36.0,0.3
281,37.0,0.3
281,38.0,0.3
282,32.0,0.4
282,33.0,0.3
282,34.0,0.4
282,35.0,0.4
282,36.0,0.3
282,37.0,0.4
282,38.0,0.3
283,32.0,2.7
283,33.0,2.4
283,34.0,2.3
283,35.0,3.3
283,36.0,2.6
283,37.0,2.3
283,38.0,2.6
284,32.0,0.0
284,33.0,0.0
284,34.0,0.0
284,35.0,0.1
284,36.0,0.0
284,37.0,0.0
284,38.0,0.0
285,32.0,0.7
285,33.0,0.7
285,34.0,0.7
285,35.0,0.8
285,36.0,0.7
285,37.0,0.7
285,38.0,0.7
286,32.0,2.0
286,33.0,2.0
286,34.0,1.8
286,35.0,2.5
286,36.0,2.0
286,37.0,1.8
286,38.0,2.0
288,32.0,0.5
288,33.0,0.4
288,34.0,0.5
288,35.0,0.6
288,36.0,0.5
288,37.0,0.5
288,38.0,0.6
289,32.0,0.0
289,33.0,0.1
289,34.0,0.0
289,35.0,0.0
289,36.0,0.0
289,37.0,0.0
289,38.0,0.0
290,32.0,0.7
290,33.0,0.9
290,34.0,1.4
290,35.0,0.7
290,36.0,0.8
290,37.0,0.6
290,38.0,0.9
291,32.0,0.5
291,33.0,0.6
291,34.0,1.1
291,35.0,0.5
291,36.0,0.6
291,37.0,0.5
291,38.0,0.6
292,32.0,0.0
292,33.0,0.1
292,34.0,0.0
292,35.0,0.0
292,36.0,0.0
292,37.0,0.0
292,38.0,0.0
293,32.0,3.6
293,33.0,4.3
293,34.0,7.8
293,35.0,3.8
293,36.0,3.9
293,37.0,3.4
293,38.0,4.2
294,32.0,0.5
294,33.0,0.6
294,34.0,1.0
294,35.0,0.5
294,36.0,0.6
294,37.0,0.4
294,38.0,0.6
295,32.0,0.9
295,33.0,1.1
295,34.0,1.9
295,35.0,0.9
295,36.0,1.0
295,37.0,0.9
295,38.0,1.1
297,32.0,0.7
297,33.0,0.9
297,34.0,1.5
297,35.0,0.7
297,36.0,0.8
297,37.0,0.7
297,38.0,0.8
298,32.0,2.0
298,33.0,2.5
298,34.0,4.6
298,35.0,2.1
298,36.0,2.0
298,37.0,1.8
298,38.0,2.3
300,32.0,0.3
300,33.0,0.4
300,34.0,0.6
300,35.0,0.3
300,36.0,0.4
300,37.0,0.3
300,38.0,0.4
301,32.0,2.2
301,33.0,2.6
301,34.0,4.8
301,35.0,2.2
301,36.0,2.0
301,37.0,2.0
301,38.0,2.5
302,32.0,0.7
302,33.0,0.8
302,34.0,1.4
302,35.0,0.7
302,36.0,0.7
302,37.0,0.7
302,38.0,0.8
303,32.0,3.3
303,33.0,3.9
303,34.0,7.1
303,35.0,3.5
303,36.0,3.7
303,37.0,3.2
303,38.0,3.8
304,32.0,2.6
304,33.0,3.1
304,34.0,5.6
304,35.0,2.6
304,36.0,2.7
304,37.0,2.4
304,38.0,3.0
305,32.0,0.3
305,33.0,0.3
305,34.0,0.6
305,35.0,0.3
305,36.0,0.3
305,37.0,0.3
305,38.0,0.3
307,32.0,0.5
307,33.0,0.8
307,34.0,1.2
307,35.0,0.5
307,36.0,0.7
307,37.0,0.5
307,38.0,0.7
308,32.0,4.4
308,33.0,5.2
308,34.0,9.7
308,35.0,4.7
308,36.0,6.2
308,37.0,4.3
308,38.0,5.1
309,32.0,2.6
309,33.0,3.2
309,34.0,6.0
309,35.0,2.9
309,36.0,3.0
309,37.0,2.4
309,38.0,3.1
310,32.0,0.0
310,33.0,0.1
310,34.0,0.0
310,35.0,0.0
310,36.0,0.0
310,37.0,0.0
310,38.0,0.0
311,32.0,0.5
311,33.0,0.6
311,34.0,1.0
311,35.0,0.5
311,36.0,0.5
311,37.0,0.5
311,38.0,0.5
313,32.0,2.5
313,33.0,3.2
313,34.0,5.8
313,35.0,2.6
313,36.0,2.4
313,37.0,2.1
313,38.0,3.0
314,32.0,0.4
314,33.0,0.3
314,34.0,0.4
314,35.0,0.3
314,36.0,0.4
314,37.0,0.3
314,38.0,0.4
315,32.0,0.1
315,33.0,0.1
315,34.0,0.1
315,35.0,0.1
315,36.0,0.1
315,37.0,0.1
315,38.0,0.1
316,32.0,0.3
316,33.0,0.2
316,34.0,0.3
316,35.0,0.3
316,36.0,0.3
316,37.0,0.3
316,38.0,0.4
317,32.0,1.1
317,33.0,0.8
317,34.0,1.0
317,35.0,0.9
317,36.0,1.1
317,37.0,0.9
317,38.0,1.1
318,32.0,0.8
318,33.0,0.6
318,34.0,0.8
318,35.0,0.7
318,36.0,0.8
318,37.0,0.7
318,38.0,0.8
320,32.0,1.2
320,33.0,1.0
320,34.0,1.2
320,35.0,1.1
320,36.0,1.2
320,37.0,1.0
320,38.0,1.2
321,32.0,2.2
321,33.0,1.3
321,34.0,2.3
321,35.0,2.1
321,36.0,2.5
321,37.0,2.0
321,38.0,2.5
326,32.0,2.8
326,33.0,2.2
326,34.0,2.9
326,35.0,2.7
326,36.0,2.8
326,37.0,2.5
326,38.0,2.9
328,32.0,0.6
328,33.0,0.3
328,34.0,0.5
328,35.0,0.4
328,36.0,0.6
328,37.0,0.4
328,38.0,0.5
329,32.0,0.7
329,33.0,0.7
329,34.0,0.7
329,35.0,0.7
329,36.0,0.7
329,37.0,0.7
329,38.0,0.8
330,32.0,0.3
330,33.0,0.2
330,34.0,0.3
330,35.0,0.3
330,36.0,0.3
330,37.0,0.3
330,38.0,0.3
333,32.0,0.0
333,33.0,0.0
333,34.0,0.0
333,35.0,0.0
333,36.0,0.0
333,37.0,0.0
333,38.0,0.0
335,32.0,0.0
335,33.0,0.0
335,34.0,0.0
335,35.0,0.0
335,36.0,0.0
335,37.0,0.0
335,38.0,0.0
340,32.0,0.9
340,33.0,0.8
340,34.0,0.9
340,35.0,0.8
340,36.0,0.9
340,37.0,0.8
340,38.0,0.9
341,32.0,2.7
341,33.0,2.6
341,34.0,2.3
341,35.0,2.5
341,36.0,2.6
341,37.0,2.6
341,38.0,2.6
342,32.0,1.3
342,33.0,1.4
342,34.0,1.3
342,35.0,1.3
342,36.0,1.4
342,37.0,1.3
342,38.0,1.4
343,32.0,1.8
343,33.0,2.0
343,34.0,1.7
343,35.0,1.8
343,36.0,2.0
343,37.0,1.7
343,38.0,1.9
344,32.0,3.1
344,33.0,3.2
344,34.0,2.8
344,35.0,2.9
344,36.0,3.2
344,37.0,3.0
344,38.0,3.1
345,32.0,0.3
345,33.0,0.3
345,34.0,0.3
345,35.0,0.3
345,36.0,0.3
345,37.0,0.3
345,38.0,0.3
347,32.0,0.0
347,33.0,0.0
347,34.0,0.0
347,35.0,0.0
347,36.0,0.0
347,37.0,0.0
347,38.0,0.0
349,32.0,2.4
349,33.0,2.6
349,34.0,2.2
349,35.0,2.3
349,36.0,2.6
349,37.0,2.4
349,38.0,2.5
350,32.0,2.4
350,33.0,2.3
350,34.0,2.0
350,35.0,2.1
350,36.0,2.3
350,37.0,2.3
350,38.0,2.3
351,32.0,1.5
351,33.0,1.4
351,34.0,2.8
351,35.0,1.5
351,36.0,1.2
351,37.0,1.6
351,38.0,1.2
352,32.0,0.4
352,33.0,0.5
352,34.0,0.4
352,35.0,0.4
352,36.0,0.5
352,37.0,0.4
352,38.0,0.5
353,32.0,3.7
353,33.0,3.9
353,34.0,3.6
353,35.0,3.7
353,36.0,3.9
353,37.0,4.1
353,38.0,3.8
354,32.0,1.6
354,33.0,1.7
354,34.0,1.5
354,35.0,1.6
354,36.0,1.7
354,37.0,1.6
354,38.0,1.7
355,32.0,4.1
355,33.0,4.3
355,34.0,3.9
355,35.0,4.1
355,36.0,4.3
355,37.0,3.9
355,38.0,4.2
356,32.0,1.2
356,33.0,1.3
356,34.0,1.2
356,35.0,1.2
356,36.0,1.3
356,37.0,1.2
356,38.0,1.3
358,32.0,1.5
358,33.0,1.6
358,34.0,1.4
358,35.0,1.5
358,36.0,1.6
358,37.0,1.5
358,38.0,1.6
360,32.0,1.0
360,33.0,0.9
360,34.0,2.0
360,35.0,0.9
360,36.0,1.0
360,37.0,0.9
360,38.0,1.0
361,32.0,2.7
361,33.0,2.5
361,34.0,2.3
361,35.0,2.5
361,36.0,2.5
361,37.0,2.6
361,38.0,2.4
362,32.0,4.2
362,33.0,4.0
362,34.0,2.8
362,35.0,3.1
362,36.0,3.9
362,37.0,3.6
362,38.0,4.0
364,32.0,1.1
364,33.0,1.2
364,34.0,1.2
364,35.0,1.2
364,36.0,1.1
364,37.0,1.2
364,38.0,1.1
365,32.0,3.3
365,33.0,3.3
365,34.0,3.0
365,35.0,3.1
365,36.0,3.3
365,37.0,3.2
365,38.0,3.2
366,32.0,0.4
366,33.0,0.4
366,34.0,0.4
366,35.0,0.4
366,36.0,0.4
366,37.0,0.4
366,38.0,0.4
368,32.0,1.1
368,33.0,1.2
368,34.0,1.0
368,35.0,1.1
368,36.0,1.2
368,37.0,1.0
368,38.0,1.1
369,32.0,0.7
369,33.0,0.8
369,34.0,0.6
369,35.0,0.7
369,36.0,0.8
369,37.0,0.6
369,38.0,0.8
371,32.0,0.1
371,33.0,0.1
371,34.0,0.2
371,35.0,0.2
371,36.0,0.1
371,37.0,0.1
371,38.0,0.1
372,32.0,1.4
372,33.0,1.3
372,34.0,1.5
372,35.0,1.5
372,36.0,1.3
372,37.0,1.4
372,38.0,1.2
373,32.0,2.6
373,33.0,3.2
373,34.0,3.9
373,35.0,3.9
373,36.0,3.4
373,37.0,2.6
373,38.0,3.0
376,32.0,0.8
376,33.0,0.7
376,34.0,0.9
376,35.0,0.9
376,36.0,0.7
376,37.0,0.8
376,38.0,0.7
377,32.0,2.3
377,33.0,2.6
377,34.0,3.3
377,35.0,3.3
377,36.0,2.9
377,37.0,2.3
377,38.0,2.4
378,32.0,1.9
378,33.0,2.3
378,34.0,2.1
378,35.0,2.0
378,36.0,2.3
378,37.0,2.2
378,38.0,2.3
379,32.0,0.4
379,33.0,0.4
379,34.0,0.5
379,35.0,0.5
379,36.0,0.4
379,37.0,0.4
379,38.0,0.4
382,32.0,2.5
382,33.0,2.5
382,34.0,2.9
382,35.0,2.9
382,36.0,2.5
382,37.0,2.5
382,38.0,2.4
384,32.0,0.0
384,33.0,0.0
384,34.0,0.1
384,35.0,0.1
384,36.0,0.0
384,37.0,0.0
384,38.0,0.0
385,32.0,1.8
385,33.0,1.7
385,34.0,4.0
385,35.0,2.1
385,36.0,2.1
385,37.0,2.0
385,38.0,1.8
386,32.0,1.5
386,33.0,1.6
386,34.0,1.9
386,35.0,1.9
386,36.0,1.7
386,37.0,1.5
386,38.0,1.5
387,32.0,1.9
387,33.0,1.9
387,34.0,2.2
387,35.0,2.2
387,36.0,1.9
387,37.0,1.9
387,38.0,1.8
388,32.0,2.1
388,33.0,2.2
388,34.0,2.6
388,35.0,2.6
388,36.0,2.4
388,37.0,2.1
388,38.0,2.1
389,32.0,0.0
389,33.0,0.0
389,34.0,0.1
389,35.0,0.1
389,36.0,0.0
389,37.0,0.0
389,38.0,0.0
390,32.0,0.3
390,33.0,0.3
390,34.0,0.4
390,35.0,0.4
390,36.0,0.3
390,37.0,0.3
390,38.0,0.3
391,32.0,1.3
391,33.0,1.2
391,34.0,1.4
391,35.0,1.4
391,36.0,1.3
391,37.0,1.3
391,38.0,1.2
392,32.0,2.2
392,33.0,2.4
392,34.0,2.9
392,35.0,2.9
392,36.0,2.6
392,37.0,2.2
392,38.0,2.3
393,32.0,1.5
393,33.0,1.2
393,34.0,1.6
393,35.0,1.5
393,36.0,1.7
393,37.0,1.5
393,38.0,1.8
395,32.0,0.8
395,33.0,0.8
395,34.0,0.9
395,35.0,0.9
395,36.0,0.8
395,37.0,0.8
395,38.0,0.8
396,32.0,2.7
396,33.0,2.9
396,34.0,3.5
396,35.0,3.5
396,36.0,3.1
396,37.0,2.7
396,38.0,2.8
398,32.0,0.4
398,33.0,0.3
398,34.0,0.5
398,35.0,0.5
398,36.0,0.4
398,37.0,0.4
398,38.0,0.3
399,32.0,0.0
399,33.0,0.0
399,34.0,0.1
399,35.0,0.1
399,36.0,0.0
399,37.0,0.0
399,38.0,0.0
401,32.0,1.6
401,33.0,1.8
401,34.0,2.2
401,35.0,2.2
401,36.0,2.1
401,37.0,1.6
401,38.0,1.7
402,32.0,0.9
402,33.0,1.2
402,34.0,1.0
402,35.0,1.3
402,36.0,1.4
402,37.0,1.1
402,38.0,1.0
403,32.0,1.5
403,33.0,1.6
403,34.0,1.6
403,35.0,1.7
403,36.0,1.6
403,37.0,1.6
403,38.0,1.5
405,32.0,0.3
405,33.0,0.3
405,34.0,0.3
405,35.0,0.4
405,36.0,0.4
405,37.0,0.3
405,38.0,0.3
406,32.0,2.8
406,33.0,2.7
406,34.0,2.8
406,35.0,3.1
406,36.0,3.2
406,37.0,2.8
406,38.0,2.7
407,32.0,2.3
407,33.0,2.1
407,34.0,2.4
407,35.0,2.6
407,36.0,2.6
407,37.0,2.2
407,38.0,2.2
409,32.0,2.7
409,33.0,2.5
409,34.0,2.8
409,35.0,2.5
409,36.0,2.5
409,37.0,2.6
409,38.0,2.6
411,32.0,0.0
411,33.0,0.0
411,34.0,0.0
411,35.0,0.1
411,36.0,0.1
411,37.0,0.0
411,38.0,0.0
412,32.0,1.8
412,33.0,1.8
412,34.0,1.9
412,35.0,2.2
412,36.0,2.2
412,37.0,1.9
412,38.0,1.6
415,32.0,3.7
415,33.0,3.9
415,34.0,3.8
415,35.0,4.4
415,36.0,4.4
415,37.0,4.1
415,38.0,3.7
416,32.0,0.4
416,33.0,0.4
416,34.0,0.4
416,35.0,0.5
416,36.0,0.5
416,37.0,0.4
416,38.0,0.3
417,32.0,0.9
417,33.0,0.9
417,34.0,0.9
417,35.0,1.0
417,36.0,1.0
417,37.0,0.9
417,38.0,0.9
419,32.0,0.9
419,33.0,1.0
419,34.0,0.9
419,35.0,1.1
419,36.0,1.1
419,37.0,1.0
419,38.0,0.9
421,32.0,2.0
421,33.0,1.9
421,34.0,2.1
421,35.0,2.6
421,36.0,2.7
421,37.0,2.0
421,38.0,2.1
423,32.0,1.7
423,33.0,1.5
423,34.0,1.7
423,35.0,2.0
423,36.0,2.0
423,37.0,1.6
423,38.0,1.5
424,32.0,0.2
424,33.0,0.3
424,34.0,0.3
424,35.0,0.3
424,36.0,0.4
424,37.0,0.3
424,38.0,0.2
425,32.0,0.2
425,33.0,0.2
425,34.0,0.2
425,35.0,0.2
425,36.0,0.2
425,37.0,0.2
425,38.0,0.1
427,32.0,2.3
427,33.0,2.1
427,34.0,2.4
427,35.0,2.8
427,36.0,2.6
427,37.0,2.4
427,38.0,2.1
428,32.0,0.1
428,33.0,0.1
428,34.0,0.1
428,35.0,0.2
428,36.0,0.2
428,37.0,0.1
428,38.0,0.1
429,32.0,0.2
429,33.0,0.2
429,34.0,0.2
429,35.0,0.3
429,36.0,0.3
429,37.0,0.2
429,38.0,0.2
430,32.0,0.7
430,33.0,0.9
430,34.0,0.8
430,35.0,1.1
430,36.0,0.9
430,37.0,1.0
430,38.0,0.7
432,32.0,1.0
432,33.0,1.1
432,34.0,1.0
432,35.0,1.4
432,36.0,1.3
432,37.0,1.1
432,38.0,1.1
433,32.0,0.4
433,33.0,0.4
433,34.0,0.4
433,35.0,0.5
433,36.0,0.6
433,37.0,0.4
433,38.0,0.4
435,32.0,0.0
435,33.0,0.1
435,34.0,0.0
435,35.0,0.0
435,36.0,0.1
435,37.0,0.0
435,38.0,0.1
437,32.0,0.4
437,33.0,0.5
437,34.0,0.4
437,35.0,0.4
437,36.0,0.6
437,37.0,0.5
437,38.0,0.6
439,32.0,0.3
439,33.0,0.4
439,34.0,0.3
439,35.0,0.3
439,36.0,0.5
439,37.0,0.4
439,38.0,0.5
442,32.0,0.3
442,33.0,0.4
442,34.0,0.3
442,35.0,0.4
442,36.0,0.5
442,37.0,0.4
442,38.0,0.5
445,32.0,0.9
445,33.0,1.3
445,34.0,1.3
445,35.0,1.0
445,36.0,1.4
445,37.0,1.3
445,38.0,1.4
447,32.0,2.6
447,33.0,4.3
447,34.0,3.2
447,35.0,3.5
447,36.0,3.6
447,37.0,4.2
447,38.0,3.6
448,32.0,0.0
448,33.0,0.0
448,34.0,0.0
448,35.0,0.0
448,36.0,0.1
448,37.0,0.0
448,38.0,0.1
450,32.0,2.8
450,33.0,2.3
450,35.0,2.5
450,36.0,2.2
450,37.0,3.0
450,38.0,3.0
451,32.0,0.1
451,33.0,0.2
451,34.0,0.1
451,35.0,0.2
451,36.0,0.2
451,37.0,0.2
451,38.0,0.2
457,32.0,0.3
457,33.0,0.3
457,34.0,0.3
457,35.0,0.3
457,36.0,0.4
457,37.0,0.3
457,38.0,0.4
465,32.0,0.8
465,33.0,0.9
465,34.0,0.8
465,35.0,0.8
465,36.0,1.0
465,37.0,0.9
465,38.0,1.0
467,32.0,1.3
467,33.0,1.6
467,34.0,1.7
467,35.0,1.2
467,36.0,2.1
467,37.0,1.6
467,38.0,2.1
468,32.0,2.3
468,33.0,2.9
468,34.0,2.7
468,35.0,2.4
468,36.0,3.3
468,37.0,2.8
468,38.0,3.3
470,32.0,1.3
470,33.0,1.7
470,34.0,1.6
470,35.0,1.4
470,36.0,1.8
470,37.0,1.6
470,38.0,1.8
471,32.0,1.3
471,33.0,1.2
471,34.0,2.7
471,35.0,1.1
471,36.0,1.4
471,37.0,1.4
471,38.0,1.2
472,32.0,0.0
472,33.0,0.0
472,34.0,0.1
472,35.0,0.0
472,36.0,0.0
472,37.0,0.0
472,38.0,0.0
473,32.0,0.3
473,33.0,0.3
473,34.0,0.7
473,35.0,0.3
473,36.0,0.4
473,37.0,0.3
473,38.0,0.3
474,32.0,0.2
474,33.0,0.1
474,34.0,0.30000000000000004
474,35.0,0.1
474,36.0,0.2
474,37.0,0.1
474,38.0,0.2
475,32.0,1.5
475,33.0,1.7
475,34.0,1.6
475,35.0,1.5
475,36.0,1.5
475,37.0,1.6
475,38.0,1.5
476,32.0,1.4
476,33.0,1.2
476,34.0,2.8
476,35.0,0.9
476,36.0,1.4
476,37.0,1.3
476,38.0,1.2
477,32.0,0.2
477,33.0,0.1
477,34.0,0.30000000000000004
477,35.0,0.1
477,36.0,0.2
477,37.0,0.1
477,38.0,0.2
479,32.0,0.0
479,33.0,0.0
479,34.0,0.1
479,35.0,0.0
479,36.0,0.0
479,37.0,0.0
479,38.0,0.0
480,32.0,0.1
480,33.0,0.1
480,34.0,0.30000000000000004
480,35.0,0.1
480,36.0,0.1
480,37.0,0.1
480,38.0,0.1
482,32.0,1.2
482,33.0,1.1
482,34.0,1.9000000000000001
482,35.0,1.0
482,36.0,1.2
482,37.0,1.1
482,38.0,1.1
483,32.0,0.0
483,33.0,0.0
483,34.0,0.1
483,35.0,0.0
483,36.0,0.0
483,37.0,0.0
483,38.0,0.0
484,32.0,0.2
484,33.0,0.1
484,34.0,0.30000000000000004
484,35.0,0.1
484,36.0,0.2
484,37.0,0.1
484,38.0,0.2
485,32.0,2.2
485,33.0,2.3
485,34.0,4.7
485,35.0,2.0
485,36.0,2.3
485,37.0,2.1
485,38.0,2.1
487,32.0,0.1
487,33.0,0.1
487,34.0,0.30000000000000004
487,35.0,0.1
487,36.0,0.1
487,37.0,0.1
487,38.0,0.1
488,32.0,0.5
488,33.0,0.5
488,34.0,1.1
488,35.0,0.5
488,36.0,0.5
488,37.0,0.5
488,38.0,0.5
489,32.0,1.5
489,33.0,1.4
489,34.0,3.0999999999999996
489,35.0,1.3
489,36.0,1.5
489,37.0,1.5
489,38.0,1.3
490,32.0,0.3
490,33.0,0.3
490,34.0,0.6000000000000001
490,35.0,0.2
490,36.0,0.3
490,37.0,0.3
490,38.0,0.3
491,32.0,0.0
491,33.0,0.0
491,35.0,0.0
491,36.0,0.0
491,37.0,0.1
491,38.0,0.1
492,32.0,1.4
492,33.0,1.3
492,35.0,1.3
492,36.0,1.2
492,37.0,1.5
492,38.0,1.5
493,32.0,1.6
493,33.0,1.3
493,35.0,1.3
493,36.0,1.2
493,37.0,1.7
493,38.0,1.7
494,32.0,0.3
494,33.0,0.2
494,35.0,0.3
494,36.0,0.2
494,37.0,0.3
494,38.0,0.3
495,32.0,0.4
495,33.0,0.3
495,35.0,0.4
495,36.0,0.3
495,37.0,0.4
495,38.0,0.5
497,32.0,0.3
497,33.0,0.3
497,35.0,0.3
497,36.0,0.3
497,37.0,0.4
497,38.0,0.4
498,32.0,0.0
498,33.0,0.0
498,35.0,0.0
498,36.0,0.0
498,37.0,0.1
498,38.0,0.1
499,32.0,0.6
499,33.0,0.5
499,35.0,0.6
499,36.0,0.5
499,37.0,0.6
499,38.0,0.7
501,32.0,2.3
501,33.0,1.8
501,35.0,2.0
501,36.0,1.8
501,37.0,2.4
501,38.0,2.3
503,32.0,1.1
503,33.0,1.0
503,35.0,1.0
503,36.0,0.9
503,37.0,1.2
503,38.0,1.4
504,32.0,2.7
504,33.0,2.2
504,35.0,2.2
504,36.0,2.1
504,37.0,2.9
504,38.0,3.1
506,32.0,3.3
506,33.0,2.2
506,35.0,2.3
506,36.0,2.0
506,37.0,3.6
506,38.0,3.6
508,32.0,0.5
508,33.0,0.6
508,34.0,0.5
508,35.0,0.5
508,36.0,0.6
508,37.0,0.5
508,38.0,0.5
509,32.0,1.2
509,33.0,1.0
509,35.0,1.2
509,36.0,1.0
509,37.0,1.3
509,38.0,1.3
511,32.0,2.2
511,33.0,1.7
511,35.0,1.8
511,36.0,1.7
511,37.0,2.5
511,38.0,2.4
513,32.0,2.3
513,33.0,2.0
513,35.0,2.1
513,36.0,1.9
513,37.0,2.6
513,38.0,2.7
514,32.0,0.0
514,33.0,0.0
514,35.0,0.0
514,36.0,0.0
514,37.0,0.1
514,38.0,0.1
515,32.0,0.3
515,33.0,0.2
515,35.0,0.3
515,36.0,0.2
515,37.0,0.3
515,38.0,0.3
516,32.0,4.4
516,33.0,3.5
516,35.0,3.5
516,36.0,3.2
516,37.0,4.5
516,38.0,4.4
519,32.0,2.6
519,33.0,1.9
519,35.0,2.0
519,36.0,1.8
519,37.0,2.9
519,38.0,2.8
520,32.0,2.7
520,33.0,2.1
520,35.0,2.2
520,36.0,2.0
520,37.0,2.8
520,38.0,2.7
521,32.0,0.0
521,33.0,0.0
521,35.0,0.0
521,36.0,0.0
521,37.0,0.1
521,38.0,0.1
522,32.0,0.3
522,33.0,0.4
522,34.0,0.3
522,35.0,0.3
522,36.0,0.3
522,37.0,0.4
522,38.0,0.3
523,32.0,2.5
523,33.0,2.8
523,34.0,2.6
523,35.0,2.4
523,36.0,2.4
523,37.0,2.7
523,38.0,2.2
524,32.0,1.3
524,33.0,1.5
524,34.0,1.4
524,35.0,1.3
524,36.0,1.3
524,37.0,1.5
524,38.0,1.1
526,32.0,3.8
526,33.0,4.1
526,34.0,3.8
526,35.0,3.6
526,36.0,3.9
526,37.0,4.3
526,38.0,3.1
527,32.0,0.2
527,33.0,0.2
527,34.0,0.2
527,35.0,0.2
527,36.0,0.2
527,37.0,0.2
527,38.0,0.1
528,32.0,1.8
528,33.0,2.3
528,34.0,2.1
528,35.0,1.8
528,36.0,1.8
528,37.0,2.1
528,38.0,1.6
530,32.0,0.2
530,33.0,0.3
530,34.0,0.2
530,35.0,0.2
530,36.0,0.2
530,37.0,0.3
530,38.0,0.2
532,32.0,1.7
532,33.0,2.1
532,34.0,2.1
532,35.0,1.7
532,36.0,1.8
532,37.0,1.9
532,38.0,1.5
533,32.0,1.5
533,33.0,1.6
533,34.0,1.6
533,35.0,1.5
533,36.0,1.5
533,37.0,1.6
533,38.0,1.4
535,32.0,0.7
535,33.0,0.9
535,34.0,0.8
535,35.0,0.8
535,36.0,0.7
535,37.0,0.9
535,38.0,0.7
536,32.0,0.6
536,33.0,0.6
536,34.0,0.6
536,35.0,0.6
536,36.0,0.6
536,37.0,0.6
536,38.0,0.5
538,32.0,0.3
538,33.0,0.4
538,34.0,0.3
538,35.0,0.3
538,36.0,0.3
538,37.0,0.3
538,38.0,0.3
539,32.0,2.7
539,33.0,3.1
539,34.0,2.9
539,35.0,2.7
539,36.0,2.8
539,37.0,3.0
539,38.0,2.5
540,32.0,2.9
540,33.0,2.9
540,34.0,6.300000000000001
540,35.0,2.6
540,36.0,3.3
540,37.0,2.8
540,38.0,3.4
542,32.0,1.9
542,33.0,2.3
542,34.0,2.1
542,35.0,1.9
542,36.0,2.1
542,37.0,2.1
542,38.0,1.7
544,32.0,1.8
544,33.0,2.2
544,34.0,2.1
544,35.0,1.7
544,36.0,1.8
544,37.0,2.0
544,38.0,1.5
545,32.0,3.0
545,33.0,2.8
545,34.0,5.6
545,35.0,3.1
545,36.0,2.2
545,37.0,3.1
545,38.0,2.2
546,32.0,0.1
546,33.0,0.1
546,34.0,0.2
546,35.0,0.1
546,36.0,0.1
546,37.0,0.2
546,38.0,0.1
548,32.0,1.2
548,33.0,1.1
548,34.0,2.3
548,35.0,1.2
548,36.0,1.1
548,37.0,1.2
548,38.0,1.1
551,32.0,0.8
551,33.0,0.7
551,34.0,1.5
551,35.0,0.8
551,36.0,0.5
551,37.0,0.9
551,38.0,0.5
557,32.0,0.5
557,33.0,0.4
557,34.0,1.0
557,35.0,0.5
557,36.0,0.3
557,37.0,0.5
557,38.0,0.3
558,32.0,1.1
558,33.0,0.9
558,34.0,1.1
558,35.0,1.2
558,36.0,1.0
558,37.0,1.1
558,38.0,1.0
559,32.0,1.7
559,33.0,1.6
559,34.0,3.2
559,35.0,1.8
559,36.0,1.3
559,37.0,1.8
559,38.0,1.3
561,32.0,0.0
561,33.0,0.0
561,34.0,0.1
561,35.0,0.1
561,36.0,0.0
561,37.0,0.1
561,38.0,0.0
563,32.0,2.1
563,33.0,1.9
563,34.0,3.9000000000000004
563,35.0,2.2
563,36.0,1.4
563,37.0,2.4
563,38.0,1.4
564,32.0,0.0
564,33.0,0.0
564,34.0,0.0
564,35.0,0.0
564,36.0,0.0
564,37.0,0.1
564,38.0,0.0
565,32.0,2.1
565,33.0,1.9
565,34.0,3.7
565,35.0,2.1
565,36.0,1.4
565,37.0,2.2
565,38.0,1.4
566,32.0,0.3
566,33.0,0.3
566,34.0,0.3
566,35.0,0.3
566,36.0,0.3
566,37.0,0.3
566,38.0,0.3
567,32.0,0.7
567,33.0,0.6
567,34.0,1.2999999999999998
567,35.0,0.7
567,36.0,0.4
567,37.0,0.8
567,38.0,0.4
569,32.0,3.1
569,33.0,3.0
569,34.0,5.9
569,35.0,3.2
569,36.0,2.5
569,37.0,3.3
569,38.0,2.5
570,32.0,3.3
570,33.0,3.1
570,34.0,6.1
570,35.0,3.4
570,36.0,2.5
570,37.0,3.6
570,38.0,2.5
572,32.0,2.2
572,33.0,2.0
572,34.0,4.0
572,35.0,2.3
572,36.0,1.4
572,37.0,2.5
572,38.0,1.4
573,32.0,1.7
573,33.0,1.6
573,34.0,3.0
573,35.0,1.7
573,36.0,1.2
573,37.0,1.9
573,38.0,1.2
574,32.0,0.6
574,33.0,0.6
574,34.0,1.2
574,35.0,0.6
574,36.0,0.6
574,37.0,0.7
574,38.0,0.6
575,32.0,0.3
575,33.0,0.2
575,34.0,0.3
575,35.0,0.3
575,36.0,0.3
575,37.0,0.3
575,38.0,0.3
576,32.0,1.3
576,33.0,1.2
576,34.0,2.7
576,35.0,0.9
576,36.0,1.3
576,37.0,1.3
576,38.0,1.2
577,32.0,0.1
577,33.0,0.2
577,34.0,0.2
577,35.0,0.2
577,36.0,0.1
577,37.0,0.2
577,38.0,0.1
578,32.0,0.3
578,33.0,0.3
578,34.0,0.6
578,35.0,0.3
578,36.0,0.3
578,37.0,0.3
578,38.0,0.3
579,32.0,0.1
579,33.0,0.0
579,34.0,0.0
579,35.0,0.0
579,36.0,0.0
579,37.0,0.1
579,38.0,0.0
580,32.0,0.1
580,33.0,0.1
580,34.0,0.1
580,35.0,0.2
580,36.0,0.2
580,37.0,0.1
580,38.0,0.1
581,32.0,0.0
581,33.0,0.0
581,34.0,0.1
581,35.0,0.1
581,36.0,0.1
581,37.0,0.0
581,38.0,0.0
582,32.0,1.4
582,33.0,1.2
582,34.0,1.5
582,35.0,1.4
582,36.0,1.5
582,37.0,1.4
582,38.0,1.7
583,32.0,0.3
583,33.0,0.2
583,35.0,0.3
583,36.0,0.2
583,37.0,0.3
583,38.0,0.3
584,32.0,2.2
584,33.0,1.6
584,34.0,2.3
584,35.0,2.2
584,36.0,1.9
584,37.0,1.8
584,38.0,2.3
585,32.0,0.1
585,33.0,0.1
585,34.0,0.2
585,35.0,0.1
585,36.0,0.1
585,37.0,0.1
585,38.0,0.1
586,32.0,1.7
586,33.0,1.3
586,34.0,1.8
586,35.0,1.6
586,36.0,1.8
586,37.0,1.6
586,38.0,1.9
587,32.0,0.2
587,33.0,0.1
587,34.0,0.30000000000000004
587,35.0,0.1
587,36.0,0.2
587,37.0,0.2
587,38.0,0.2
588,32.0,1.6
588,33.0,1.3
588,34.0,2.9
588,35.0,1.4
588,36.0,1.4
588,37.0,1.6
588,38.0,1.3
590,32.0,1.6
590,33.0,1.5
590,34.0,3.3
590,35.0,1.7
590,36.0,1.3
590,37.0,1.8
590,38.0,1.3
591,32.0,2.9
591,33.0,2.7
591,34.0,2.4
591,35.0,3.3
591,36.0,2.8
591,37.0,2.4
591,38.0,2.9
592,32.0,0.2
592,33.0,0.2
592,34.0,0.5
592,35.0,0.2
592,36.0,0.2
592,37.0,0.2
592,38.0,0.2
594,32.0,1.2
594,33.0,1.5
594,34.0,1.4
594,35.0,1.3
594,36.0,1.5
594,37.0,1.3
594,38.0,1.4
595,32.0,1.3
595,33.0,1.4
595,34.0,2.5
595,35.0,1.4
595,36.0,1.2
595,37.0,1.4
595,38.0,1.3
596,32.0,1.2
596,33.0,1.4
596,34.0,0.9
596,35.0,1.2
596,36.0,1.3
596,37.0,1.2
596,38.0,1.4
597,32.0,3.1
597,33.0,3.6
597,34.0,3.6
597,35.0,3.6
597,36.0,3.8
597,37.0,3.1
597,38.0,3.4
598,32.0,0.9
598,33.0,0.8
598,34.0,1.7000000000000002
598,35.0,0.9
598,36.0,0.7
598,37.0,0.9
598,38.0,0.7
599,32.0,3.0
599,33.0,2.2
599,34.0,3.1
599,35.0,3.0
599,36.0,2.7
599,37.0,2.5
599,38.0,3.0
600,32.0,0.2
600,33.0,0.2
600,34.0,0.2
600,35.0,0.1
600,36.0,0.2
600,37.0,0.1
600,38.0,0.2
601,32.0,0.4
601,33.0,0.3
601,34.0,0.7
601,35.0,0.4
601,36.0,0.4
601,37.0,0.4
601,38.0,0.3
602,32.0,1.4
602,33.0,1.1
602,34.0,1.5
602,35.0,1.4
602,36.0,1.5
602,37.0,1.4
602,38.0,2.0
603,32.0,1.8
603,33.0,1.9
603,34.0,1.9
603,35.0,2.3
603,36.0,2.2
603,37.0,2.0
603,38.0,2.0
604,32.0,1.4
604,33.0,1.8
604,34.0,1.8
604,35.0,1.5
604,36.0,2.0
604,37.0,1.8
604,38.0,2.0
605,32.0,0.3
605,33.0,0.4
605,34.0,0.5
605,35.0,0.3
605,36.0,0.4
605,37.0,0.3
605,38.0,0.4
606,32.0,0.2
606,33.0,0.3
606,34.0,0.2
606,35.0,0.2
606,36.0,0.2
606,37.0,0.2
606,38.0,0.2
607,32.0,0.1
607,33.0,0.1
607,34.0,0.2
607,35.0,0.1
607,36.0,0.1
607,37.0,0.1
607,38.0,0.1
608,32.0,1.9
608,33.0,2.1
608,34.0,2.5
608,35.0,1.9
608,36.0,2.1
608,37.0,1.9
608,38.0,2.1
610,32.0,1.5
610,33.0,1.4
610,34.0,1.2
610,35.0,1.9
610,36.0,1.4
610,37.0,1.2
610,38.0,1.4
611,32.0,2.5
611,33.0,2.5
611,34.0,1.6
611,35.0,1.6
611,36.0,2.3
611,37.0,2.1
611,38.0,2.4
613,32.0,0.3
613,33.0,0.2
613,34.0,0.2
613,35.0,0.2
613,36.0,0.2
613,37.0,0.2
613,38.0,0.2
614,32.0,2.6
614,33.0,2.2
614,34.0,2.7
614,35.0,2.6
614,36.0,2.7
614,37.0,2.5
614,38.0,2.8
615,32.0,0.2
615,33.0,0.2
615,34.0,0.4
615,35.0,0.2
615,36.0,0.2
615,37.0,0.2
615,38.0,0.2
616,32.0,2.3
616,33.0,2.2
616,34.0,1.9
616,35.0,2.1
616,36.0,2.2
616,37.0,2.2
616,38.0,2.1
617,32.0,2.5
617,33.0,2.7
617,34.0,3.2
617,35.0,3.2
617,36.0,2.9
617,37.0,2.5
617,38.0,2.6
618,32.0,0.0
618,33.0,0.0
618,34.0,0.1
618,35.0,0.0
618,36.0,0.0
618,37.0,0.0
618,38.0,0.0
621,32.0,0.4
621,33.0,0.5
621,34.0,0.4
621,35.0,0.3
621,36.0,0.4
621,37.0,0.3
621,38.0,0.4
624,32.0,0.3
624,33.0,0.2
624,34.0,0.6
624,35.0,0.3
624,36.0,0.2
624,37.0,0.3
624,38.0,0.2
625,32.0,0.0
625,33.0,0.0
625,34.0,0.0
625,35.0,0.1
625,36.0,0.0
625,37.0,0.0
625,38.0,0.0
626,32.0,1.6
626,33.0,2.0
626,34.0,3.7
626,35.0,1.7
626,36.0,1.6
626,37.0,1.4
626,38.0,1.8
627,32.0,0.1
627,33.0,0.1
627,34.0,0.2
627,35.0,0.1
627,36.0,0.1
627,37.0,0.1
627,38.0,0.1
628,32.0,0.0
628,33.0,0.1
628,34.0,0.0
628,35.0,0.0
628,36.0,0.0
628,37.0,0.0
628,38.0,0.0
629,32.0,0.0
629,33.0,0.1
629,34.0,0.0
629,35.0,0.0
629,36.0,0.0
629,37.0,0.0
629,38.0,0.0
630,32.0,2.9
630,33.0,2.1
630,34.0,3.0
630,35.0,2.7
630,36.0,3.0
630,37.0,2.7
630,38.0,3.1
631,32.0,0.4
631,33.0,0.3
631,34.0,0.4
631,35.0,0.3
631,36.0,0.4
631,37.0,0.3
631,38.0,0.4
632,32.0,0.2
632,33.0,0.1
632,34.0,0.2
632,35.0,0.2
632,36.0,0.2
632,37.0,0.2
632,38.0,0.1
633,32.0,0.9
633,33.0,0.9
633,34.0,0.9
633,35.0,1.0
633,36.0,1.1
633,37.0,0.9
633,38.0,0.9
634,32.0,0.1
634,33.0,0.1
634,34.0,0.1
634,35.0,0.1
634,36.0,0.1
634,37.0,0.1
634,38.0,0.0
635,32.0,0.4
635,33.0,0.4
635,34.0,0.4
635,35.0,0.5
635,36.0,0.6
635,37.0,0.4
635,38.0,0.4
637,32.0,0.0
637,33.0,0.0
637,34.0,0.0
637,35.0,0.0
637,36.0,0.1
637,37.0,0.0
637,38.0,0.1
638,32.0,1.9
638,33.0,1.7
638,34.0,3.8
638,35.0,1.5
638,36.0,1.9
638,37.0,1.8
638,38.0,1.7
639,32.0,0.7
639,33.0,0.6
639,35.0,0.7
639,36.0,0.6
639,37.0,0.8
639,38.0,0.8
640,32.0,0.0
640,33.0,0.0
640,35.0,0.0
640,36.0,0.0
640,37.0,0.1
640,38.0,0.1
642,32.0,0.4
642,33.0,0.5
642,34.0,0.4
642,35.0,0.4
642,36.0,0.3
642,37.0,0.5
642,38.0,0.3
643,32.0,0.3
643,33.0,0.3
643,34.0,0.6
643,35.0,0.3
643,36.0,0.3
643,37.0,0.3
643,38.0,0.3
644,32.0,0.3
644,33.0,0.4
644,34.0,0.6
644,35.0,0.4
644,36.0,0.3
644,37.0,0.4
644,38.0,0.3
645,32.0,0.2
645,33.0,0.1
645,34.0,0.2
645,35.0,0.1
645,36.0,0.1
645,37.0,0.2
645,38.0,0.1
646,32.0,0.1
646,33.0,0.1
646,34.0,0.2
646,35.0,0.1
646,36.0,0.1
646,37.0,0.1
646,38.0,0.1
647,32.0,0.0
647,33.0,0.1
647,34.0,0.0
647,35.0,0.0
647,36.0,0.0
647,37.0,0.0
647,38.0,0.0
650,32.0,0.1
650,33.0,0.0
650,34.0,0.1
650,35.0,0.0
650,36.0,0.0
650,37.0,0.1
650,38.0,0.0
652,32.0,0.0
652,33.0,0.0
652,34.0,0.0
652,35.0,0.1
652,36.0,0.0
652,37.0,0.0
652,38.0,0.0
655,32.0,0.2
655,33.0,0.2
655,34.0,0.5
655,35.0,0.2
655,36.0,0.2
655,37.0,0.2
655,38.0,0.2
657,32.0,0.2
657,33.0,0.2
657,34.0,0.4
657,35.0,0.2
657,36.0,0.2
657,37.0,0.2
657,38.0,0.2
660,32.0,1.8
660,33.0,1.9
660,34.0,2.4
660,35.0,1.8
660,36.0,1.8
660,37.0,1.7
660,38.0,1.9
661,32.0,2.2
661,33.0,1.9
661,34.0,3.9000000000000004
661,35.0,2.1
661,36.0,2.0
661,37.0,2.2
661,38.0,1.7
662,32.0,1.3
662,33.0,1.2
662,34.0,1.3
662,35.0,1.4
662,36.0,1.2
662,37.0,1.3
662,38.0,1.2
663,32.0,2.5
663,33.0,2.3
663,34.0,4.6
663,35.0,1.9
663,36.0,2.5
663,37.0,2.4
663,38.0,2.3
664,32.0,3.8
664,33.0,4.2
664,34.0,3.9
664,35.0,3.4
664,36.0,3.7
664,37.0,4.1
664,38.0,3.0
665,32.0,0.0
665,33.0,0.0
665,34.0,0.0
665,35.0,0.0
665,36.0,0.0
665,37.0,0.0
665,38.0,0.0
666,32.0,0.2
666,33.0,0.1
666,34.0,0.30000000000000004
666,35.0,0.1
666,36.0,0.2
666,37.0,0.1
666,38.0,0.2
667,32.0,0.1
667,33.0,0.0
667,34.0,0.0
667,35.0,0.0
667,36.0,0.0
667,37.0,0.0
667,38.0,0.0
668,32.0,1.7
668,33.0,1.9
668,34.0,3.6
668,35.0,1.7
668,36.0,1.6
668,37.0,1.4
668,38.0,1.8
672,32.0,1.6
672,33.0,1.2
672,34.0,1.5
672,35.0,1.4
672,36.0,1.3
672,37.0,1.4
672,38.0,1.3
673,32.0,1.4
673,33.0,1.5
673,34.0,2.5
673,35.0,1.4
673,36.0,1.1
673,37.0,1.5
673,38.0,1.4
674,32.0,0.2
674,33.0,0.2
674,34.0,0.3
674,35.0,0.2
674,36.0,0.2
674,37.0,0.2
674,38.0,0.2
675,32.0,0.2
675,33.0,0.3
675,34.0,0.3
675,35.0,0.2
675,36.0,0.3
675,37.0,0.2
675,38.0,0.3
676,32.0,0.8
676,33.0,1.2
676,34.0,1.1
676,35.0,0.9
676,36.0,1.0
676,37.0,0.9
676,38.0,0.8
677,32.0,0.1
677,33.0,0.0
677,34.0,0.0
677,35.0,0.0
677,36.0,0.0
677,37.0,0.0
677,38.0,0.0
678,32.0,2.1
678,33.0,2.2
678,34.0,2.0
678,35.0,2.1
678,36.0,2.2
678,37.0,2.1
678,38.0,2.2
679,32.0,0.3
679,33.0,0.3
679,34.0,0.3
679,35.0,0.3
679,36.0,0.4
679,37.0,0.3
679,38.0,0.4
681,32.0,0.1
681,33.0,0.0
681,34.0,0.0
681,35.0,0.0
681,36.0,0.0
681,37.0,0.0
681,38.0,0.0
682,32.0,0.0
682,33.0,0.0
682,34.0,0.0
682,35.0,0.0
682,36.0,0.0
682,37.0,0.0
682,38.0,0.0
684,32.0,0.0
684,33.0,0.1
684,34.0,0.0
684,35.0,0.0
684,36.0,0.1
684,37.0,0.0
684,38.0,0.0
687,32.0,2.3
687,33.0,2.2
687,34.0,1.7
687,35.0,1.7
687,36.0,2.1
687,37.0,2.0
687,38.0,2.1
688,32.0,2.0
688,33.0,2.0
688,34.0,1.8
688,35.0,2.6
688,36.0,2.1
688,37.0,1.8
688,38.0,2.1
689,32.0,2.7
689,33.0,3.2
689,34.0,2.9
689,35.0,2.8
689,36.0,2.8
689,37.0,3.1
689,38.0,2.4
690,32.0,1.5
690,33.0,2.0
690,34.0,1.5
690,35.0,1.7
690,36.0,1.6
690,37.0,1.5
690,38.0,1.8
691,32.0,1.9
691,33.0,1.3
691,34.0,2.9
691,35.0,1.7
691,36.0,1.4
691,37.0,1.9
691,38.0,1.2
692,32.0,0.0
692,33.0,0.0
692,34.0,0.0
692,35.0,0.1
692,36.0,0.0
692,37.0,0.0
692,38.0,0.0
694,32.0,0.0
694,33.0,0.0
694,34.0,0.1
694,35.0,0.0
694,36.0,0.0
694,37.0,0.0
694,38.0,0.0
695,32.0,0.0
695,33.0,0.0
695,34.0,0.1
695,35.0,0.1
695,36.0,0.0
695,37.0,0.0
695,38.0,0.0
696,32.0,1.4
696,33.0,1.9
696,34.0,1.9
696,35.0,1.4
696,36.0,2.1
696,37.0,1.9
696,38.0,2.1
697,32.0,1.3
697,33.0,1.3
697,34.0,2.3
697,35.0,1.3
697,36.0,1.0
697,37.0,1.5
697,38.0,1.0
698,32.0,0.0
698,33.0,0.0
698,34.0,0.1
698,35.0,0.1
698,36.0,0.0
698,37.0,0.1
698,38.0,0.0
699,32.0,0.4
699,33.0,0.3
699,34.0,0.4
699,35.0,0.4
699,36.0,0.3
699,37.0,0.4
699,38.0,0.4
700,32.0,0.4
700,33.0,0.6
700,34.0,0.4
700,35.0,0.4
700,36.0,0.4
700,37.0,0.3
700,38.0,0.4
701,32.0,0.8
701,33.0,1.1
701,34.0,0.8
701,35.0,0.8
701,36.0,0.9
701,37.0,0.8
701,38.0,0.9
703,32.0,0.4
703,33.0,0.4
703,34.0,0.5
703,35.0,0.5
703,36.0,0.5
703,37.0,0.4
703,38.0,0.4
704,32.0,0.6
704,33.0,0.5
704,34.0,1.2999999999999998
704,35.0,0.7
704,36.0,0.5
704,37.0,0.7
704,38.0,0.5
705,32.0,0.4
705,33.0,0.4
705,34.0,0.6
705,35.0,0.4
705,36.0,0.3
705,37.0,0.4
705,38.0,0.3
706,32.0,0.2
706,33.0,0.2
706,34.0,0.3
706,35.0,0.2
706,36.0,0.2
706,37.0,0.2
706,38.0,0.2
707,32.0,0.0
707,33.0,0.0
707,34.0,0.0
707,35.0,0.1
707,36.0,0.0
707,37.0,0.0
707,38.0,0.0
708,32.0,0.8
708,33.0,0.9
708,34.0,1.6
708,35.0,0.8
708,36.0,0.8
708,37.0,0.7
708,38.0,0.9
709,32.0,0.3
709,33.0,0.3
709,34.0,0.4
709,35.0,0.4
709,36.0,0.3
709,37.0,0.3
709,38.0,0.3
710,32.0,0.2
710,33.0,0.2
710,34.0,0.2
710,35.0,0.2
710,36.0,0.3
710,37.0,0.2
710,38.0,0.3
711,32.0,0.2
711,33.0,0.2
711,34.0,0.2
711,35.0,0.2
711,36.0,0.3
711,37.0,0.2
711,38.0,0.3
712,32.0,0.4
712,33.0,0.5
712,34.0,0.4
712,35.0,0.4
712,36.0,0.6
712,37.0,0.5
712,38.0,0.6
713,32.0,1.0
713,33.0,1.2
713,34.0,1.0
713,35.0,1.1
713,36.0,1.1
713,37.0,1.1
713,38.0,1.1
714,32.0,1.0
714,33.0,1.2
714,34.0,1.1
714,35.0,1.1
714,36.0,1.3
714,37.0,1.2
714,38.0,1.3
715,32.0,0.5
715,33.0,0.4
715,34.0,1.0
715,35.0,0.5
715,36.0,0.4
715,37.0,0.5
715,38.0,0.4
716,32.0,0.4
716,33.0,0.4
716,34.0,0.3
716,35.0,0.3
716,36.0,0.4
716,37.0,0.3
716,38.0,0.4
717,32.0,0.1
717,33.0,0.0
717,34.0,0.0
717,35.0,0.0
717,36.0,0.0
717,37.0,0.0
717,38.0,0.0
719,32.0,0.1
719,33.0,0.0
719,34.0,0.1
719,35.0,0.0
719,36.0,0.0
719,37.0,0.1
719,38.0,0.0
720,32.0,0.0
720,33.0,0.0
720,34.0,0.0
720,35.0,0.0
720,36.0,0.0
720,37.0,0.0
720,38.0,0.0
721,32.0,0.2
721,33.0,0.1
721,34.0,0.4
721,35.0,0.1
721,36.0,0.2
721,37.0,0.1
721,38.0,0.1
722,32.0,0.0
722,33.0,0.0
722,35.0,0.0
722,36.0,0.0
722,37.0,0.1
722,38.0,0.1
723,32.0,0.1
723,33.0,0.0
723,34.0,0.0
723,35.0,0.0
723,36.0,0.0
723,37.0,0.0
723,38.0,0.0
724,32.0,0.0
724,33.0,0.0
724,34.0,0.0
724,35.0,0.0
724,36.0,0.0
724,37.0,0.0
724,38.0,0.0
725,32.0,0.0
725,33.0,0.1
725,34.0,0.0
725,35.0,0.0
725,36.0,0.1
725,37.0,0.0
725,38.0,0.0
727,32.0,1.9
727,33.0,1.4
727,34.0,1.9
727,35.0,1.8
727,36.0,2.0
727,37.0,1.7
727,38.0,2.1
728,32.0,0.0
728,33.0,0.1
728,34.0,0.0
728,35.0,0.0
728,36.0,0.0
728,37.0,0.0
728,38.0,0.0
730,32.0,0.0
730,33.0,0.0
730,34.0,0.1
730,35.0,0.0
730,36.0,0.0
730,37.0,0.0
730,38.0,0.0
732,32.0,0.0
732,33.0,0.0
732,34.0,0.0
732,35.0,0.1
732,36.0,0.0
732,37.0,0.0
732,38.0,0.0
733,32.0,0.0
733,33.0,0.1
733,34.0,0.0
733,35.0,0.0
733,36.0,0.1
733,37.0,0.0
733,38.0,0.0
734,32.0,0.0
734,33.0,0.0
734,34.0,0.0
734,35.0,0.0
734,36.0,0.0
734,37.0,0.0
734,38.0,0.0
736,32.0,0.1
736,33.0,0.1
736,34.0,0.2
736,35.0,0.1
736,36.0,0.1
736,37.0,0.1
736,38.0,0.1
738,32.0,0.0
738,33.0,0.0
738,34.0,0.0
738,35.0,0.1
738,36.0,0.1
738,37.0,0.0
738,38.0,0.0
739,32.0,0.0
739,33.0,0.1
739,34.0,0.1
739,35.0,0.1
739,36.0,0.1
739,37.0,0.1
739,38.0,0.0
740,32.0,0.0
740,33.0,0.0
740,35.0,0.0
740,36.0,0.0
740,37.0,0.1
740,38.0,0.1
741,32.0,0.0
741,33.0,0.1
741,34.0,0.0
741,35.0,0.0
741,36.0,0.0
741,37.0,0.0
741,38.0,0.0
742,32.0,0.0
742,33.0,0.1
742,34.0,0.0
742,35.0,0.0
742,36.0,0.0
742,37.0,0.0
742,38.0,0.0
743,32.0,0.0
743,33.0,0.1
743,34.0,0.0
743,35.0,0.0
743,36.0,0.0
743,37.0,0.0
743,38.0,0.0
746,32.0,0.0
746,33.0,0.1
746,34.0,0.0
746,35.0,0.0
746,36.0,0.0
746,37.0,0.0
746,38.0,0.0
747,32.0,0.0
747,33.0,0.1
747,34.0,0.0
747,35.0,0.0
747,36.0,0.0
747,37.0,0.0
747,38.0,0.0
749,32.0,0.0
749,33.0,0.0
749,34.0,0.1
749,35.0,0.1
749,36.0,0.0
749,37.0,0.1
749,38.0,0.0
750,32.0,0.8
750,33.0,0.7
750,34.0,1.6
750,35.0,0.8
750,36.0,0.7
750,37.0,0.8
750,38.0,0.7
751,32.0,0.0
751,33.0,0.0
751,34.0,0.0
751,35.0,0.0
751,36.0,0.0
751,37.0,0.1
751,38.0,0.0
752,32.0,0.0
752,33.0,0.1
752,34.0,0.0
752,35.0,0.0
752,36.0,0.1
752,37.0,0.0
752,38.0,0.0
753,32.0,0.0
753,33.0,0.1
753,34.0,0.0
753,35.0,0.0
753,36.0,0.0
753,37.0,0.0
753,38.0,0.0
754,32.0,0.1
754,33.0,0.0
754,35.0,0.0
754,36.0,0.0
754,37.0,0.1
754,38.0,0.1
755,32.0,0.0
755,33.0,0.1
755,34.0,0.0
755,35.0,0.0
755,36.0,0.0
755,37.0,0.0
755,38.0,0.0
757,32.0,2.3
757,33.0,3.0
757,34.0,5.300000000000001
757,35.0,2.4
757,36.0,2.3
757,37.0,2.1
757,38.0,2.7
758,32.0,0.1
758,33.0,0.0
758,34.0,0.0
758,35.0,0.0
758,36.0,0.0
758,37.0,0.0
758,38.0,0.0
759,32.0,0.0
759,33.0,0.0
759,34.0,0.1
759,35.0,0.0
759,36.0,0.0
759,37.0,0.0
759,38.0,0.0
760,32.0,0.1
760,33.0,0.0
760,34.0,0.1
760,35.0,0.0
760,36.0,0.0
760,37.0,0.1
760,38.0,0.0
762,32.0,0.0
762,33.0,0.0
762,34.0,0.0
762,35.0,0.0
762,36.0,0.0
762,37.0,0.0
762,38.0,0.0
764,32.0,0.1
764,33.0,0.1
764,34.0,0.2
764,35.0,0.1
764,36.0,0.1
764,37.0,0.1
764,38.0,0.1
765,32.0,0.0
765,33.0,0.0
765,34.0,0.0
765,35.0,0.0
765,36.0,0.0
765,37.0,0.0
765,38.0,0.0
766,32.0,0.1
766,33.0,0.1
766,34.0,0.2
766,35.0,0.2
766,36.0,0.1
766,37.0,0.1
766,38.0,0.1
770,32.0,0.0
770,33.0,0.0
770,34.0,0.1
770,35.0,0.1
770,36.0,0.0
770,37.0,0.1
770,38.0,0.0
771,32.0,0.0
771,33.0,0.0
771,34.0,0.0
771,35.0,0.0
771,36.0,0.0
771,37.0,0.0
771,38.0,0.0
772,32.0,0.2
772,33.0,0.2
772,34.0,0.4
772,35.0,0.2
772,36.0,0.2
772,37.0,0.2
772,38.0,0.2
773,32.0,0.0
773,33.0,0.1
773,34.0,0.0
773,35.0,0.0
773,36.0,0.0
773,37.0,0.1
773,38.0,0.0
774,32.0,0.0
774,33.0,0.1
774,34.0,0.0
774,35.0,0.0
774,36.0,0.0
774,37.0,0.0
774,38.0,0.0
775,32.0,1.8
775,33.0,1.6
775,34.0,4.5
775,35.0,1.5
775,36.0,1.8
775,37.0,1.7
775,38.0,1.6
776,32.0,4.0
776,33.0,3.4
776,35.0,3.5
776,36.0,3.2
776,37.0,4.2
776,38.0,4.3
777,32.0,1.3
777,33.0,1.0
777,35.0,1.0
777,36.0,0.9
777,37.0,1.5
777,38.0,1.5
778,32.0,0.0
778,33.0,0.0
778,34.0,0.0
778,35.0,0.0
778,36.0,0.0
778,37.0,0.0
778,38.0,0.0
779,32.0,0.0
779,33.0,0.1
779,34.0,0.0
779,35.0,0.0
779,36.0,0.1
779,37.0,0.0
779,38.0,0.1
780,32.0,0.0
780,33.0,0.0
780,34.0,0.0
780,35.0,0.0
780,36.0,0.1
780,37.0,0.0
780,38.0,0.1
781,32.0,0.0
781,33.0,0.0
781,34.0,0.0
781,35.0,0.0
781,36.0,0.1
781,37.0,0.0
781,38.0,0.1
783,32.0,0.0
783,33.0,0.1
783,34.0,0.0
783,35.0,0.0
783,36.0,0.1
783,37.0,0.0
783,38.0,0.1
784,32.0,0.0
784,33.0,0.1
784,34.0,0.0
784,35.0,0.0
784,36.0,0.0
784,37.0,0.0
784,38.0,0.0
786,32.0,0.0
786,33.0,0.1
786,34.0,0.0
786,35.0,0.0
786,36.0,0.0
786,37.0,0.0
786,38.0,0.0
787,32.0,0.0
787,33.0,0.0
787,34.0,0.1
787,35.0,0.1
787,36.0,0.0
787,37.0,0.1
787,38.0,0.0
789,32.0,0.0
789,33.0,0.1
789,34.0,0.0
789,35.0,0.0
789,36.0,0.1
789,37.0,0.0
789,38.0,0.0
790,32.0,2.4
790,33.0,2.3
790,34.0,4.4
790,35.0,2.3
790,36.0,2.4
790,37.0,2.4
790,38.0,2.2
791,32.0,0.3
791,33.0,0.2
791,34.0,0.2
791,35.0,0.2
791,36.0,0.2
791,37.0,0.2
791,38.0,0.2
792,32.0,1.6
792,33.0,1.4
792,34.0,4.0
792,35.0,2.1
792,36.0,2.1
792,37.0,1.9
792,38.0,1.8
793,32.0,0.4
793,33.0,0.3
793,34.0,0.4
793,35.0,0.4
793,36.0,0.3
793,37.0,0.4
793,38.0,0.4
794,32.0,0.0
794,33.0,0.0
794,34.0,0.0
794,35.0,0.1
794,36.0,0.1
794,37.0,0.0
794,38.0,0.0
795,32.0,0.0
795,33.0,0.0
795,34.0,0.0
795,35.0,0.1
795,36.0,0.1
795,37.0,0.0
795,38.0,0.0
796,32.0,0.0
796,33.0,0.0
796,34.0,0.0
796,35.0,0.1
796,36.0,0.0
796,37.0,0.0
796,38.0,0.0
797,32.0,0.0
797,33.0,0.1
797,34.0,0.0
797,35.0,0.0
797,36.0,0.1
797,37.0,0.0
797,38.0,0.0
798,32.0,0.6
798,33.0,0.5
798,34.0,0.6
798,35.0,0.5
798,36.0,0.6
798,37.0,0.5
798,38.0,0.6
799,32.0,0.1
799,33.0,0.1
799,34.0,0.2
799,35.0,0.1
799,36.0,0.1
799,37.0,0.1
799,38.0,0.1
800,32.0,0.0
800,33.0,0.0
800,34.0,0.1
800,35.0,0.1
800,36.0,0.0
800,37.0,0.1
800,38.0,0.0
801,32.0,1.2
801,33.0,1.3
801,34.0,1.2
801,35.0,1.3
801,36.0,1.4
801,37.0,1.3
801,38.0,1.4
802,32.0,0.0
802,33.0,0.0
802,34.0,0.0
802,35.0,0.0
802,36.0,0.0
802,37.0,0.0
802,38.0,0.0
803,32.0,1.1
803,33.0,0.9
803,34.0,1.1
803,35.0,1.1
803,36.0,1.0
803,37.0,1.0
803,38.0,1.0
804,32.0,0.8
804,33.0,0.8
804,34.0,1.5
804,35.0,0.8
804,36.0,0.8
804,37.0,0.8
804,38.0,0.7
805,32.0,-0.3
805,33.0,-0.1
805,34.0,-0.2
805,35.0,-0.3
805,36.0,-0.1
805,37.0,0.0
805,38.0,-0.3
806,32.0,1.0
806,33.0,1.0
806,34.0,1.0
806,35.0,0.8
806,36.0,0.9
806,37.0,0.9
806,38.0,0.9
807,32.0,1.7
807,33.0,1.5
807,34.0,4.2
807,35.0,2.1
807,36.0,2.2
807,37.0,2.1
807,38.0,1.8
808,32.0,2.3
808,33.0,2.7
808,34.0,2.6
808,35.0,2.3
808,36.0,2.4
808,37.0,2.7
808,38.0,2.4
809,32.0,0.0
809,33.0,0.0
809,34.0,0.0
809,35.0,0.0
809,36.0,0.1
809,37.0,0.0
809,38.0,0.1
810,32.0,0.0
810,33.0,0.0
810,34.0,0.0
810,35.0,0.1
810,36.0,0.0
810,37.0,0.0
810,38.0,0.0
811,32.0,0.0
811,33.0,0.0
811,34.0,0.0
811,35.0,0.0
811,36.0,0.0
811,37.0,0.0
811,38.0,0.0
812,32.0,0.0
812,33.0,0.1
812,34.0,0.0
812,35.0,0.0
812,36.0,0.0
812,37.0,0.0
812,38.0,0.0
813,32.0,0.0
813,33.0,0.1
813,34.0,0.0
813,35.0,0.0
813,36.0,0.0
813,37.0,0.0
813,38.0,0.0
814,32.0,0.0
814,33.0,0.0
814,34.0,0.0
814,35.0,0.0
814,36.0,0.0
814,37.0,0.0
814,38.0,0.0
815,32.0,0.0
815,33.0,0.0
815,34.0,0.0
815,35.0,0.0
815,36.0,0.1
815,37.0,0.0
815,38.0,0.1
816,32.0,0.4
816,33.0,0.4
816,34.0,0.4
816,35.0,0.3
816,36.0,0.4
816,37.0,0.3
816,38.0,0.4
817,32.0,0.1
817,33.0,0.1
817,34.0,0.2
817,35.0,0.1
817,36.0,0.1
817,37.0,0.1
817,38.0,0.1
818,32.0,0.0
818,33.0,0.0
818,34.0,0.0
818,35.0,0.0
818,36.0,0.0
818,37.0,0.0
818,38.0,0.0
819,32.0,0.1
819,33.0,0.0
819,34.0,0.0
819,35.0,0.0
819,36.0,0.0
819,37.0,0.0
819,38.0,0.0
820,32.0,0.1
820,33.0,0.0
820,34.0,0.0
820,35.0,0.0
820,36.0,0.0
820,37.0,0.0
820,38.0,0.0
821,32.0,0.0
821,33.0,0.0
821,34.0,0.0
821,35.0,0.0
821,36.0,0.0
821,37.0,0.0
821,38.0,0.0
822,32.0,0.0
822,33.0,0.0
822,34.0,0.1
822,35.0,0.0
822,36.0,0.0
822,37.0,0.0
822,38.0,0.0
823,32.0,1.6
823,33.0,1.5
823,34.0,3.2
823,35.0,1.3
823,36.0,1.6
823,37.0,1.6
823,38.0,1.4
824,32.0,0.1
824,33.0,0.2
824,34.0,0.2
824,35.0,0.1
824,36.0,0.1
824,37.0,0.1
824,38.0,0.1
825,32.0,0.0
825,33.0,0.0
825,34.0,0.0
825,35.0,0.0
825,36.0,0.0
825,37.0,0.0
825,38.0,0.0
826,32.0,0.0
826,33.0,0.0
826,34.0,0.1
826,35.0,0.1
826,36.0,0.0
826,37.0,0.0
826,38.0,0.0
827,32.0,0.0
827,33.0,0.0
827,34.0,0.1
827,35.0,0.0
827,36.0,0.0
827,37.0,0.0
827,38.0,0.0
828,32.0,0.0
828,33.0,0.0
828,34.0,0.1
828,35.0,0.0
828,36.0,0.0
828,37.0,0.0
828,38.0,0.0
829,32.0,0.0
829,33.0,0.1
829,34.0,0.0
829,35.0,0.0
829,36.0,0.0
829,37.0,0.1
829,38.0,0.0
830,32.0,0.1
830,33.0,0.0
830,34.0,0.0
830,35.0,0.0
830,36.0,0.0
830,37.0,0.0
830,38.0,0.0
831,32.0,0.0
831,33.0,0.0
831,34.0,0.0
831,35.0,0.0
831,36.0,0.0
831,37.0,0.0
831,38.0,0.0
832,32.0,0.0
832,33.0,0.0
832,34.0,0.0
832,35.0,0.0
832,36.0,0.0
832,37.0,0.1
832,38.0,0.0
833,32.0,0.0
833,33.0,0.0
833,34.0,0.1
833,35.0,0.1
833,36.0,0.0
833,37.0,0.0
833,38.0,0.0
834,32.0,0.0
834,33.0,0.1
834,34.0,0.0
834,35.0,0.0
834,36.0,0.1
834,37.0,0.0
834,38.0,0.0
835,32.0,0.0
835,33.0,0.0
835,34.0,0.1
835,35.0,0.1
835,36.0,0.0
835,37.0,0.0
835,38.0,0.0
836,32.0,1.7
836,33.0,1.6
836,34.0,3.2
836,35.0,1.7
836,36.0,1.3
836,37.0,1.8
836,38.0,1.3
837,32.0,0.0
837,33.0,0.1
837,34.0,0.0
837,35.0,0.0
837,36.0,0.0
837,37.0,0.0
837,38.0,0.0
838,32.0,0.1
838,33.0,0.0
838,34.0,0.0
838,35.0,0.0
838,36.0,0.0
838,37.0,0.0
838,38.0,0.0
839,32.0,0.0
839,33.0,0.0
839,34.0,0.0
839,35.0,0.0
839,36.0,0.0
839,37.0,0.0
839,38.0,0.0
840,32.0,0.0
840,33.0,0.0
840,34.0,0.0
840,35.0,0.0
840,36.0,0.0
840,37.0,0.1
840,38.0,0.0
841,32.0,0.1
841,33.0,0.0
841,34.0,0.1
841,35.0,0.0
841,36.0,0.0
841,37.0,0.1
841,38.0,0.0
842,32.0,0.0
842,33.0,0.0
842,34.0,0.0
842,35.0,0.0
842,36.0,0.0
842,37.0,0.0
842,38.0,0.0
843,32.0,0.0
843,33.0,0.1
843,34.0,0.0
843,35.0,0.0
843,36.0,0.0
843,37.0,0.0
843,38.0,0.0
